fecha,cliente_id,segmento,producto,cantidad,precio_unitario,descuento,venta,region,canal,abandono,satisfaction,compras_previas,dias_desde_ultima,ticket_promedio,reclamaciones,devolucion
2025-01-01,1758,Económico,Producto D,12,750,0.03172033632290704,8714.516973093836,Norte,Tienda,0,1.762184501173151,11,322,1649.8323453539726,1,0
2025-01-02,1555,Estándar,Producto D,14,750,0.04027134467895279,10077.150880870997,Oeste,Online,0,4.20759826128572,33,114,599.6168108081299,1,0
2025-01-02,1625,Estándar,Producto E,4,1200,0.0589729734810401,4516.929727291007,Oeste,Online,0,3.921268316332193,34,176,1476.7131228342985,1,0
2025-01-02,1998,Estándar,Producto E,12,1200,0.08105719551678651,13232.776384558274,Norte,Online,0,3.5604821245257225,48,61,1018.2943218320015,0,1
2025-01-04,1396,Económico,Producto A,4,100,0.0,400.0,Sur,Tienda,0,2.386905317091622,46,143,924.4687678577236,2,1
2025-01-04,1024,Estándar,Producto E,4,1200,0.08627333151757816,4385.888008715625,Este,Online,0,4.4045828951175245,43,252,1685.037489339771,1,0
2025-01-05,1167,Premium,Producto B,2,250,0.17308708676817847,413.4564566159108,Este,Teléfono,0,4.5226182694246795,35,69,1430.9533313872396,2,0
2025-01-05,1875,Estándar,Producto C,10,450,0.043953515158473844,4302.209181786868,Oeste,Tienda,0,3.9954371710097036,7,316,1654.4411861595515,2,0
2025-01-06,1386,Estándar,Producto A,17,100,0.05114825895512742,1613.0479597762835,Norte,Teléfono,1,3.1558922675912533,31,172,134.16182830362342,0,1
2025-01-09,1885,Económico,Producto D,5,750,0.016871480455606883,3686.731948291474,Norte,Tienda,0,1.9336785217600314,13,142,936.3550762971578,0,1
2025-01-09,1885,Estándar,Producto A,11,100,0.0477813612874098,1047.4405025838491,Oeste,Online,1,4.976309126481103,35,89,807.1233487802507,1,1
2025-01-10,1731,Estándar,Producto D,17,750,0.037093555816050276,12277.057163345358,Norte,Tienda,1,2.3993889909723665,45,34,1653.9476237001795,1,0
2025-01-13,1255,Estándar,Producto A,2,100,0.02536538464980349,194.9269230700393,Oeste,Online,0,4.189584920160589,31,238,343.31293765187996,0,1
2025-01-13,1062,Estándar,Producto C,17,450,0.047709203094947646,7285.02459632365,Este,Online,1,5.0,5,196,1999.4494629079547,1,0
2025-01-14,1436,Estándar,Producto E,5,1200,0.03711449639664104,5777.313021620153,Norte,Online,1,5.0,44,204,454.0939155657101,0,0
2025-01-15,1487,Estándar,Producto D,8,750,0.049967280667118044,5700.196315997291,Sur,Tienda,0,3.57396766143558,11,53,1937.548842607655,1,1
2025-01-15,1762,Estándar,Producto E,14,1200,0.030701530788397914,16284.214282754918,Sur,Tienda,0,4.686051459998439,49,97,1291.456427163451,2,0
2025-01-16,1434,Económico,Producto D,6,750,0.017321410320855966,4422.053653556148,Sur,Tienda,0,2.8964239000983767,4,284,336.793287811624,0,1
2025-01-17,1784,Estándar,Producto E,2,1200,0.019536782590564787,2353.1117217826445,Sur,Tienda,1,5.0,46,248,947.2323600179654,2,0
2025-01-18,1373,Estándar,Producto D,8,750,0.03495106599346263,5790.293604039224,Oeste,Online,0,5.0,49,60,424.963586676908,2,0
2025-01-20,1004,Estándar,Producto B,6,250,0.04785939280090885,1428.2109107986366,Sur,Teléfono,1,2.964757677580626,25,300,677.0863911260566,1,0
2025-01-21,1046,Estándar,Producto C,16,450,0.04775343900618341,6856.175239155479,Norte,Online,0,3.779030400466777,14,302,772.4206004431949,1,1
2025-01-21,1473,Económico,Producto B,13,250,0.008004379408140756,3223.985766923542,Este,Tienda,0,2.2154881061866973,44,273,922.4541153057365,2,0
2025-01-22,1014,Premium,Producto E,10,1200,0.17379199562569497,9914.49605249166,Sur,Online,1,5.0,16,12,1207.5052844303948,1,0
2025-01-22,1232,Estándar,Producto D,15,750,0.05803121136251998,10597.14887217165,Oeste,Online,1,5.0,40,100,758.0104779773384,1,1
2025-01-23,1737,Estándar,Producto C,13,450,0.05993156317929599,5499.400355401119,Norte,Online,1,3.8057486117659654,47,3,1709.0941597804851,1,1
2025-01-26,1349,Premium,Producto A,3,100,0.0999448095667557,270.0165571299733,Oeste,Teléfono,0,5.0,19,219,1838.9214455167867,2,1
2025-01-27,1117,Estándar,Producto C,2,450,0.0908664097936461,818.2202311857185,Este,Tienda,1,5.0,25,117,1436.357333731659,0,1
2025-01-28,1112,Estándar,Producto A,14,100,0.06277184917554748,1312.1194111542336,Este,Teléfono,0,2.33847993773104,2,160,769.9994389442975,1,0
2025-01-28,1918,Estándar,Producto B,13,250,0.03834838168730132,3125.3677595162703,Este,Tienda,0,4.260906433831673,10,37,853.0897825871737,1,0
2025-01-29,1816,Económico,Producto D,12,750,0.013679232749489019,8876.886905254598,Este,Teléfono,1,2.8554759146460955,34,0,1495.1852661156151,1,1
2025-02-02,1831,Económico,Producto C,9,450,0.015256945815962418,3988.2093694453524,Este,Online,0,3.637966699020965,13,61,749.7194440408299,0,1
2025-02-02,1088,Estándar,Producto C,6,450,0.003472965730004461,2690.622992528988,Norte,Online,0,5.0,1,308,1817.6206163808665,2,0
2025-02-04,1946,Estándar,Producto C,7,450,0.06832342531209243,2934.781210266909,Oeste,Tienda,0,5.0,29,230,1167.6441560519079,0,1
2025-02-04,1440,Estándar,Producto E,1,1200,0.05143132474438785,1138.2824103067346,Sur,Online,0,3.5223425532348833,37,158,788.7020528359857,0,1
2025-02-04,1947,Estándar,Producto E,8,1200,0.04145184115101049,9202.062324950299,Oeste,Tienda,1,3.4473542266529944,35,291,1446.5491957292568,2,0
2025-02-05,1659,Premium,Producto B,8,250,0.11442559502191442,1771.1488099561711,Este,Online,0,5.0,25,140,321.27657857897066,1,0
2025-02-05,1992,Premium,Producto D,11,750,0.15218789589209786,6994.449858890192,Oeste,Tienda,1,5.0,41,91,780.148970954823,0,1
2025-02-06,1050,Económico,Producto A,11,100,0.0,1100.0,Norte,Online,1,2.874213079900352,22,312,697.6855046771309,1,0
2025-02-06,1370,Estándar,Producto E,15,1200,0.04683984202842022,17156.882843488438,Oeste,Tienda,0,3.57311893005258,34,62,858.283939197074,1,0
2025-02-07,1805,Estándar,Producto B,2,250,0.053227064517578054,473.38646774121094,Este,Online,1,4.775472572488915,23,24,1021.8171568419855,1,0
2025-02-08,1855,Estándar,Producto E,11,1200,0.02965615658909219,12808.538733023983,Oeste,Online,0,4.516669308648122,21,62,1993.9047910995973,0,0
2025-02-08,1768,Estándar,Producto C,19,450,0.04103945720399539,8199.11264090584,Norte,Online,0,1.8759019256698264,39,18,178.1318468852871,1,0
2025-02-08,1174,Estándar,Producto D,17,750,0.07492170384995259,11794.748275913105,Este,Online,0,1.9266097675918505,38,130,777.9531667455183,1,0
2025-02-10,1877,Estándar,Producto A,18,100,0.04486365944148536,1719.245413005326,Norte,Online,1,5.0,7,53,711.5789294975724,0,0
2025-02-10,1050,Estándar,Producto B,3,250,0.06627727816247211,700.292041378146,Oeste,Tienda,0,3.059586225432098,36,181,449.7193760608509,2,0
2025-02-11,1943,Premium,Producto B,7,250,0.16377676494065568,1463.3906613538527,Oeste,Online,0,5.0,17,1,1825.7168069035927,0,1
2025-02-13,1522,Estándar,Producto B,3,250,0.018867416529521928,735.8494376028585,Norte,Online,0,4.60600995134564,8,225,1729.0826389507072,2,1
2025-02-13,1505,Económico,Producto A,10,100,0.005689451783390808,994.3105482166093,Este,Tienda,0,3.0385515153508917,16,13,1496.289541245898,1,0
2025-02-14,1280,Estándar,Producto C,14,450,0.05036867866130786,5982.67732443376,Norte,Tienda,0,4.347581705361671,5,145,1082.840273377408,1,1
2025-02-15,1040,Estándar,Producto A,5,100,0.07058311274651288,464.7084436267436,Este,Online,1,4.472597482413043,26,312,569.6718670732204,2,1
2025-02-16,1609,Estándar,Producto A,7,100,0.07372356364648242,648.3935054474623,Norte,Online,0,4.2571381300939715,1,309,1489.1655520314223,2,0
2025-02-16,1291,Económico,Producto E,11,1200,0.0,13200.0,Norte,Tienda,0,1.6483153943836664,33,54,1344.1587724571639,1,1
2025-02-17,1068,Estándar,Producto B,4,250,0.02536083748507957,974.6391625149205,Oeste,Online,0,4.145226777129347,44,200,1553.2787973043528,0,0
2025-02-17,1712,Estándar,Producto A,11,100,0.031106186249271396,1065.7831951258015,Este,Tienda,0,5.0,43,101,1200.94980039472,2,0
2025-02-18,1043,Económico,Producto A,17,100,0.0,1700.0,Este,Online,0,3.620672097550678,18,263,1295.9513014018105,0,0
2025-02-18,1484,Estándar,Producto A,18,100,0.019468962766045074,1764.9558670211188,Sur,Online,0,3.942095092662215,31,265,1197.1143260913655,0,0
2025-02-19,1793,Estándar,Producto B,7,250,0.05893279463034172,1646.867609396902,Sur,Online,0,3.7867276240342087,30,102,122.16488769521061,2,1
2025-02-20,1994,Estándar,Producto E,2,1200,0.05159315715055174,2276.176422838676,Sur,Tienda,1,5.0,14,3,1591.910171435979,0,0
2025-02-20,1721,Estándar,Producto E,10,1200,0.04563792203252114,11452.344935609746,Este,Teléfono,1,4.995857528718494,12,140,798.7295853434651,2,0
2025-02-20,1038,Premium,Producto E,17,1200,0.1398028484500005,17548.021891619992,Norte,Tienda,0,2.5153884209141855,9,358,1068.91242368732,0,1
2025-02-21,1688,Premium,Producto B,4,250,0.16334412187063677,836.6558781293633,Oeste,Online,0,5.0,8,304,813.6787740536943,2,1
2025-02-21,1804,Económico,Producto C,6,450,0.01663085515418565,2655.0966910836987,Sur,Online,0,3.2076126882280644,7,147,1683.7601838023286,1,0
2025-02-22,1242,Estándar,Producto B,11,250,0.03964932698183552,2640.964350799952,Norte,Teléfono,0,3.401075603440664,4,260,1278.0669498424986,2,0
2025-02-22,1520,Económico,Producto B,17,250,0.0,4250.0,Sur,Online,0,1.8264297929878748,2,159,953.5924590204588,0,1
2025-02-22,1892,Estándar,Producto A,4,100,0.03319779842833324,386.7208806286667,Norte,Online,1,4.1646978274371405,28,136,136.5344938898117,1,1
2025-02-22,1169,Económico,Producto A,5,100,0.0,500.0,Oeste,Online,1,3.97485028469613,4,175,1016.957683403603,1,0
2025-02-23,1315,Premium,Producto D,5,750,0.1508654338948858,3184.254622894178,Este,Tienda,0,5.0,33,39,1153.1773297917925,0,0
2025-02-23,1261,Estándar,Producto D,1,750,0.04467524935677085,716.4935629824218,Norte,Tienda,0,3.731363941612697,41,355,1256.2921875196093,1,1
2025-02-23,1006,Económico,Producto E,19,1200,0.0,22800.0,Este,Online,0,3.638891045936773,13,76,1039.5620808336307,2,1
2025-02-23,1223,Premium,Producto C,17,450,0.130176393807799,6654.150587370338,Sur,Tienda,0,5.0,34,325,602.5187491178841,2,1
2025-02-23,1232,Económico,Producto D,15,750,0.0035109165978101605,11210.502188274637,Sur,Teléfono,1,3.408512348377426,11,192,162.94489808965668,2,1
2025-02-24,1305,Económico,Producto E,12,1200,0.0,14400.0,Norte,Online,1,3.377211875064521,32,133,775.0753820155129,2,0
2025-02-27,1569,Premium,Producto B,14,250,0.1635659882238408,2927.519041216557,Este,Online,0,4.951970469285824,28,156,631.8301404304856,1,0
2025-02-27,1973,Estándar,Producto C,3,450,0.06300402355917323,1264.944568195116,Oeste,Teléfono,0,3.900824136220617,18,256,675.4483438543485,1,0
2025-02-27,1161,Estándar,Producto A,12,100,0.026735589198191925,1167.9172929621695,Este,Teléfono,1,5.0,16,92,1564.3638629438963,2,0
2025-02-27,1685,Estándar,Producto C,12,450,0.07498403534975068,4995.086209111347,Norte,Online,0,4.491404567019497,43,339,889.0964950539523,1,1
2025-02-28,1955,Premium,Producto E,2,1200,0.13730789929413287,2070.461041694081,Norte,Online,0,5.0,29,319,821.3129135659389,2,0
2025-03-01,1165,Estándar,Producto E,1,1200,0.06879696207059376,1117.4436455152875,Norte,Online,0,4.846013544671269,31,79,990.5949440256035,0,1
2025-03-01,1935,Premium,Producto D,1,750,0.13247362664051637,650.6447800196127,Norte,Online,0,5.0,25,102,308.7957203839677,2,1
2025-03-03,1685,Estándar,Producto B,10,250,0.07798710873172005,2305.0322281706995,Sur,Tienda,0,4.924633682912769,30,40,1432.668012929287,1,1
2025-03-03,1317,Económico,Producto C,7,450,0.01302818561854045,3108.9612153015973,Sur,Tienda,0,4.976544273728228,2,126,1076.4851888254207,1,1
2025-03-04,1970,Económico,Producto D,12,750,0.0,9000.0,Este,Online,1,2.47070176245378,43,81,90.6792216184993,2,1
2025-03-04,1548,Económico,Producto A,3,100,0.0,300.0,Norte,Online,1,2.24038115895169,32,331,389.6770063275946,0,0
2025-03-04,1953,Económico,Producto D,5,750,0.0,3750.0,Oeste,Tienda,0,1.5356251197901798,31,104,905.3000674197013,0,1
2025-03-06,1511,Estándar,Producto B,4,250,0.017340954389160335,982.6590456108397,Este,Online,0,3.427231575451474,2,236,958.3349736894846,0,0
2025-03-07,1736,Premium,Producto D,16,750,0.18319895205450576,9801.612575345931,Sur,Teléfono,0,5.0,4,40,532.1005950861952,0,0
2025-03-09,1013,Estándar,Producto A,2,100,0.05536433616555392,188.92713276688923,Norte,Teléfono,0,3.2863834442592363,36,260,684.120625238155,0,0
2025-03-10,1302,Estándar,Producto B,3,250,0.011626504859363646,741.2801213554773,Norte,Online,0,3.3422272394443118,0,132,534.9928315458783,2,1
2025-03-10,1512,Estándar,Producto D,11,750,0.0669415801997007,7697.731963352469,Norte,Tienda,0,5.0,27,206,1138.3734867080327,2,0
2025-03-13,1915,Estándar,Producto B,9,250,0.0645525908727396,2104.756670536336,Norte,Tienda,1,4.051945885807299,36,244,222.6833892353207,0,0
2025-03-16,1690,Premium,Producto B,18,250,0.15278685187242527,3812.4591665740863,Norte,Tienda,0,5.0,42,177,718.174301835785,1,1
2025-03-17,1150,Premium,Producto E,16,1200,0.15127712602668286,16295.47918028769,Oeste,Teléfono,1,5.0,7,156,915.3129276439138,0,0
2025-03-22,1085,Estándar,Producto A,11,100,0.0493822472885684,1045.6795279825749,Norte,Tienda,0,5.0,48,75,270.5641471993174,0,1
2025-03-22,1963,Estándar,Producto C,16,450,0.06011879673067448,6767.144663539144,Norte,Online,0,4.990353411037507,49,191,144.01347577808426,0,0
2025-03-22,1680,Económico,Producto E,9,1200,0.0,10800.0,Este,Teléfono,0,2.492320217534338,45,131,1351.8071018489902,1,1
2025-03-27,1593,Económico,Producto C,13,450,0.0,5850.0,Sur,Tienda,1,3.1255764534715422,0,75,1239.1720207224544,2,0
2025-03-27,1914,Estándar,Producto A,1,100,0.037220765046209955,96.277923495379,Oeste,Online,0,2.6769102065925017,7,109,1303.0231394470197,1,1
2025-03-29,1776,Estándar,Producto B,8,250,1.1885702528538489e-05,1999.976228594943,Norte,Tienda,1,5.0,4,303,1181.3361199932979,2,0
2025-03-30,1943,Estándar,Producto B,12,250,0.0651785717957353,2804.4642846127945,Norte,Tienda,0,4.281191423969376,3,276,984.4072974150198,2,1
2025-03-30,1333,Estándar,Producto E,14,1200,0.06941801463868619,15633.77735407007,Este,Tienda,1,3.3825533875409017,29,145,829.8151532681046,0,1
2025-04-02,1089,Premium,Producto C,7,450,0.13061600779372468,2738.5595754497676,Norte,Online,0,5.0,48,297,1839.6173538841858,1,0
2025-04-02,1821,Estándar,Producto E,10,1200,0.05494995593674422,11340.600528759069,Oeste,Online,1,5.0,9,120,1687.7295405901048,0,1
2025-04-02,1858,Económico,Producto B,19,250,0.008711116967496267,4708.622194404393,Norte,Online,0,3.892263660370134,32,241,348.3184116156972,0,0
2025-04-04,1107,Económico,Producto E,17,1200,0.0,20400.0,Este,Tienda,0,2.0622201661300896,9,77,1282.430197739816,0,1
2025-04-05,1920,Económico,Producto C,7,450,0.0,3150.0,Sur,Online,0,4.6391168054440675,10,279,300.3688644355442,2,1
2025-04-06,1217,Estándar,Producto E,14,1200,0.06619078544011815,15687.994804606016,Oeste,Online,0,2.6900228417176066,5,195,912.6993761373055,1,1
2025-04-06,1516,Premium,Producto E,8,1200,0.15661760464428914,8096.470995414825,Sur,Online,0,5.0,21,325,152.0608077836912,1,1
2025-04-06,1208,Económico,Producto D,8,750,0.0,6000.0,Norte,Online,0,3.1614398632876988,15,105,238.51907681110325,0,0
2025-04-06,1911,Premium,Producto D,8,750,0.139321817973664,5164.069092158016,Oeste,Online,0,3.592855973785084,43,320,1691.9649240340216,0,1
2025-04-07,1965,Estándar,Producto A,16,100,0.02523674450388866,1559.6212087937781,Norte,Online,0,4.024852338244644,49,236,752.2659945694622,0,1
2025-04-07,1986,Estándar,Producto A,11,100,0.03898545951822726,1057.11599452995,Sur,Tienda,0,4.813194406852897,34,142,1984.7081289054597,0,1
2025-04-08,1489,Estándar,Producto A,10,100,0.0938381470948883,906.1618529051117,Sur,Teléfono,0,4.680657939531544,5,66,1590.5593507987696,1,0
2025-04-09,1398,Estándar,Producto B,2,250,0.06424542979011756,467.8772851049412,Sur,Online,0,4.120225633434213,35,94,999.770741696925,1,1
2025-04-09,1821,Económico,Producto D,3,750,0.0,2250.0,Norte,Online,1,3.351547958825889,3,172,1121.582594995283,0,0
2025-04-09,1845,Económico,Producto E,6,1200,0.0,7200.0,Este,Online,0,4.256436342345189,9,344,163.4194012356778,2,1
2025-04-09,1252,Estándar,Producto A,19,100,0.03581747230196175,1831.9468026262728,Este,Tienda,1,4.854460626794694,3,259,1993.5588650133047,0,0
2025-04-09,1358,Estándar,Producto E,4,1200,0.0,4800.0,Este,Tienda,0,4.934319911239274,34,6,1074.734012838848,1,1
2025-04-09,1454,Económico,Producto E,2,1200,0.0,2400.0,Sur,Online,0,1.9535220573755716,38,64,680.8257700773738,1,1
2025-04-10,1492,Económico,Producto B,5,250,0.0,1250.0,Este,Online,0,3.5792914996010885,20,307,568.7375921104924,0,1
2025-04-10,1509,Premium,Producto D,16,750,0.14654107880153153,10241.507054381622,Norte,Tienda,0,5.0,41,20,1914.6332717654493,0,0
2025-04-10,1191,Económico,Producto A,9,100,0.0,900.0,Norte,Online,0,4.826009713546936,39,276,1659.0077820609724,2,1
2025-04-11,1775,Económico,Producto A,15,100,0.0,1500.0,Norte,Online,0,3.976148358084709,0,86,1376.444169456289,0,1
2025-04-11,1504,Económico,Producto A,13,100,0.0,1300.0,Norte,Teléfono,0,3.0941794416804087,30,227,731.9212980044066,2,0
2025-04-11,1390,Económico,Producto C,11,450,0.024880678962697234,4826.840639134649,Sur,Tienda,1,1.0,37,110,210.23475157903331,0,0
2025-04-13,1647,Económico,Producto A,9,100,0.0,900.0,Norte,Online,1,2.4975375130893833,40,168,1921.6617102480616,2,1
2025-04-13,1766,Económico,Producto E,4,1200,0.02911237380162233,4660.2606057522125,Este,Tienda,0,4.799271575019,33,10,135.2844704659405,0,1
2025-04-13,1401,Estándar,Producto A,8,100,0.015245404898974156,787.8036760808207,Norte,Online,1,2.052116486678837,19,212,1368.165437393393,2,1
2025-04-14,1112,Estándar,Producto C,7,450,0.06675125406716745,2939.7335496884225,Norte,Teléfono,0,3.1863546439403256,45,134,402.15946644183674,2,1
2025-04-14,1597,Económico,Producto A,13,100,0.0,1300.0,Este,Online,0,2.9141067502822082,14,87,717.6480902654157,1,0
2025-04-16,1420,Estándar,Producto C,19,450,0.07003904535583534,7951.166162207607,Norte,Online,0,4.205026687061879,15,71,531.0237858171649,0,0
2025-04-16,1448,Estándar,Producto C,10,450,0.02412928512812673,4391.418216923429,Norte,Tienda,0,5.0,26,65,742.9999089371919,0,0
2025-04-17,1499,Estándar,Producto B,12,250,0.034302033738355206,2897.0938987849345,Sur,Tienda,0,4.648280433843859,15,242,1691.842224418582,1,1
2025-04-18,1210,Económico,Producto D,15,750,0.0345392770246681,10861.433133472485,Oeste,Online,1,2.6003638143853975,37,309,1406.4553856687735,0,1
2025-04-18,1037,Premium,Producto D,13,750,0.1536223302042212,8252.182280508843,Oeste,Tienda,0,4.164237864979091,36,335,489.605573154203,1,1
2025-04-22,1161,Estándar,Producto C,19,450,0.033636022331553855,8262.412009065214,Sur,Tienda,0,3.996625542589048,37,116,1587.7991811111926,2,1
2025-04-22,1684,Premium,Producto A,1,100,0.148346386283146,85.1653613716854,Este,Tienda,0,4.878252491616716,44,160,871.4337039234404,2,0
2025-04-23,1398,Estándar,Producto D,11,750,0.05607560618981011,7787.376248934067,Sur,Online,1,2.623308459361918,48,349,1671.8092351677583,0,1
2025-04-23,1848,Económico,Producto C,19,450,0.0,8550.0,Este,Online,0,1.4052969327332046,19,48,898.6017785479457,0,1
2025-04-23,1581,Estándar,Producto B,3,250,0.0832251842909574,687.5811117817819,Sur,Online,1,3.5429037434137283,43,187,827.7302579222725,0,1
2025-04-23,1724,Premium,Producto D,10,750,0.13047249457433258,6521.456290692506,Este,Online,0,4.107544160643096,9,335,773.8538330854966,2,1
2025-04-23,1728,Económico,Producto D,9,750,0.0,6750.0,Oeste,Tienda,0,2.9859804617424115,20,195,664.61956613985,2,0
2025-04-24,1069,Económico,Producto B,11,250,0.0013398143444974383,2746.315510552632,Este,Online,0,3.5159392177040996,13,312,1014.2382060254313,0,1
2025-04-26,1580,Estándar,Producto B,5,250,0.023336853786926903,1220.8289327663413,Norte,Teléfono,0,5.0,40,160,344.9313160331224,2,1
2025-04-26,1326,Estándar,Producto A,17,100,0.07024135729407717,1580.5896926000687,Este,Tienda,0,1.7158521425176598,5,197,1701.4915197726916,1,0
2025-04-26,1516,Económico,Producto A,2,100,0.03265304995394261,193.46939000921148,Oeste,Online,0,2.7390877338828696,9,98,151.31532623082342,2,0
2025-04-27,1959,Estándar,Producto E,4,1200,0.052453406319895916,4548.223649664499,Oeste,Online,0,5.0,27,269,515.6526121940017,0,1
2025-04-28,1057,Económico,Producto A,2,100,0.0,200.0,Oeste,Online,1,2.264141550677165,34,261,775.2687024378864,2,0
2025-04-30,1378,Estándar,Producto C,5,450,0.013384631032102683,2219.884580177769,Oeste,Tienda,0,4.200651803955687,7,54,1303.215582461226,2,1
2025-04-30,1237,Estándar,Producto B,6,250,0.03712900335365076,1444.3064949695238,Este,Online,0,5.0,42,39,1038.74965253761,0,0
2025-05-01,1519,Económico,Producto D,16,750,0.0,12000.0,Sur,Teléfono,0,1.8368105389463611,8,11,1492.4741475668043,2,1
2025-05-02,1128,Estándar,Producto E,13,1200,0.05779773638944791,14698.355312324613,Este,Tienda,0,3.2276302156857,33,153,204.84284005390757,0,0
2025-05-02,1700,Estándar,Producto A,6,100,0.08615752317598381,548.3054860944097,Oeste,Teléfono,0,4.350785175754809,43,363,662.4185502358274,1,1
2025-05-03,1130,Económico,Producto B,16,250,0.01681240053009106,3932.750397879636,Sur,Tienda,0,3.5467335682013794,33,40,1492.3590364171891,1,1
2025-05-04,1074,Estándar,Producto A,5,100,0.05858662043639804,470.70668978180095,Este,Tienda,1,4.382441417819298,15,65,664.0931977952869,2,0
2025-05-04,1453,Económico,Producto D,1,750,0.0,750.0,Este,Online,0,3.777531240814944,46,293,752.7367488641778,0,0
2025-05-05,1312,Estándar,Producto D,14,750,0.04602521927966754,10016.735197563492,Norte,Tienda,0,4.300155584995726,17,114,1819.0303098763682,2,0
2025-05-06,1406,Premium,Producto B,14,250,0.17214161338573944,2897.504353149912,Oeste,Online,0,4.879618836046402,13,83,85.10017344316923,1,1
2025-05-06,1613,Estándar,Producto A,19,100,0.06686828618792,1772.950256242952,Norte,Teléfono,0,4.495212953124112,18,119,1422.1876560485516,0,1
2025-05-07,1935,Estándar,Producto A,1,100,0.012295998959577656,98.77040010404224,Este,Online,1,3.703732556491118,13,221,1217.6761779478084,2,1
2025-05-07,1987,Económico,Producto A,14,100,0.011183185778063693,1384.343539910711,Sur,Tienda,1,5.0,34,266,1991.1031565730543,1,0
2025-05-08,1766,Estándar,Producto D,5,750,0.03145293731618852,3632.0514850642935,Norte,Tienda,1,4.2383689827347855,34,215,1913.8577432554669,0,0
2025-05-08,1430,Premium,Producto D,14,750,0.1602240519904996,8817.647454099755,Sur,Online,0,5.0,20,306,918.2299189553369,0,0
2025-05-08,1178,Estándar,Producto D,4,750,0.04486824139635653,2865.3952758109303,Sur,Online,1,1.5972460651003129,26,360,1037.2188160156454,2,1
2025-05-08,1261,Económico,Producto B,17,250,0.002123575356444236,4240.974804735112,Este,Online,1,2.530447820938667,0,92,972.2941248862448,2,1
2025-05-09,1141,Estándar,Producto E,17,1200,0.045901299243735094,19463.613495427802,Sur,Online,0,4.006868254939037,19,352,710.7782662105656,0,0
2025-05-09,1944,Estándar,Producto B,11,250,0.03838444422992057,2644.4427783677183,Norte,Online,0,4.853713045682828,38,182,1754.733923136093,0,1
2025-05-09,1778,Premium,Producto C,13,450,0.17961136111083775,4799.273537501599,Oeste,Teléfono,0,4.290649712063933,11,239,628.6189001529755,1,0
2025-05-10,1987,Económico,Producto A,14,100,0.0028973532931511063,1395.9437053895886,Sur,Online,0,2.3852271348430816,32,126,1342.195800465743,0,0
2025-05-10,1750,Estándar,Producto D,17,750,0.0602384818205855,11981.959356787536,Este,Tienda,0,3.8316917660379306,10,265,1029.1995394258743,2,1
2025-05-11,1712,Estándar,Producto D,3,750,0.037751252507191246,2165.0596818588197,Sur,Tienda,0,4.361503525206102,29,295,1649.0246267827442,0,1
2025-05-11,1267,Estándar,Producto A,13,100,0.0659650814285089,1214.2453941429385,Sur,Tienda,0,3.804139179912162,22,293,1698.9285078303183,1,0
2025-05-11,1657,Estándar,Producto E,9,1200,0.07001164636085958,10043.874219302717,Oeste,Online,0,3.329379790923355,2,155,1179.5693899500272,0,0
2025-05-11,1022,Estándar,Producto B,4,250,0.06153676335749188,938.463236642508,Sur,Online,0,1.6082783422872065,3,55,1535.71829925821,2,1
2025-05-14,1786,Premium,Producto D,18,750,0.12174663163657945,11856.420472906178,Este,Tienda,0,5.0,48,293,1701.9220049028809,1,1
2025-05-15,1627,Estándar,Producto A,4,100,0.027705045853502218,388.9179816585991,Sur,Online,1,4.097675855560279,26,233,821.0968225861831,1,0
2025-05-15,1124,Estándar,Producto B,5,250,0.04172581664650763,1197.8427291918656,Oeste,Online,0,5.0,3,273,1662.0793514959005,0,0
2025-05-15,1076,Estándar,Producto D,17,750,0.018582476958630016,12513.073418777467,Oeste,Teléfono,0,2.8732325310901947,12,161,378.25706404230397,0,0
2025-05-16,1342,Estándar,Producto B,2,250,0.03424432496183523,482.8778375190824,Norte,Tienda,0,3.379152401748884,20,299,1669.84259551415,2,0
2025-05-17,1603,Estándar,Producto E,3,1200,0.056487999435758225,3396.6432020312704,Oeste,Online,0,3.642088909618838,17,103,685.3550792506771,1,0
2025-05-19,1164,Económico,Producto D,5,750,0.0528868669403407,3551.674248973722,Este,Online,0,1.4970296716048468,33,266,739.2484440662258,2,1
2025-05-20,1245,Premium,Producto C,7,450,0.15538253882490213,2660.545002701558,Oeste,Online,1,4.656807724502589,5,16,1900.7686790244088,1,1
2025-05-22,1619,Estándar,Producto B,4,250,0.031885353982747625,968.1146460172524,Oeste,Online,0,3.3462336613511803,49,178,1794.1824858072528,2,1
2025-05-23,1603,Económico,Producto D,7,750,0.02331612038416771,5127.590367983119,Oeste,Online,1,2.7955450203147754,2,324,1045.3433535582528,1,0
2025-05-23,1286,Económico,Producto B,11,250,0.0015800016722212484,2745.6549954013913,Oeste,Online,1,4.079543620811641,1,168,593.5817512083784,1,0
2025-05-24,1733,Premium,Producto C,18,450,0.16906250090752173,6730.593742649074,Este,Online,1,5.0,35,24,1284.1673448229467,2,0
2025-05-24,1140,Económico,Producto E,9,1200,0.011690064322386182,10673.74730531823,Sur,Online,1,3.4496559066258503,33,259,843.8576537949739,1,0
2025-05-24,1354,Estándar,Producto D,13,750,0.050603815744203105,9256.61279649402,Oeste,Tienda,1,4.608607442356741,33,233,522.3508747579056,1,1
2025-05-24,1321,Premium,Producto E,15,1200,0.15852991637839375,15146.461505188912,Este,Tienda,0,4.66095469679026,26,117,676.9166174333698,0,0
2025-05-25,1320,Estándar,Producto E,13,1200,0.016941626043222323,15335.710633725732,Norte,Tienda,1,5.0,22,31,926.2319969773021,1,1
2025-05-27,1455,Estándar,Producto D,18,750,0.0661424519327462,12607.076898907926,Oeste,Online,1,3.0264538002955312,29,190,283.9097013965853,2,0
2025-05-27,1775,Estándar,Producto B,18,250,0.061124351579950054,4224.940417890225,Norte,Tienda,0,4.81223978093922,30,240,1046.7018215125981,1,1
2025-05-27,1095,Estándar,Producto A,18,100,0.008531582221272344,1784.6431520017097,Oeste,Tienda,0,3.5709480731521492,10,120,752.4561416608343,2,0
2025-05-27,1922,Económico,Producto D,4,750,0.0,3000.0,Oeste,Teléfono,1,1.8109271341961526,22,217,1151.026649444663,2,0
2025-05-27,1631,Estándar,Producto E,11,1200,0.053830138775854616,12489.44216815872,Oeste,Online,0,4.068370629310261,24,93,574.4876616110026,2,0
2025-05-28,1651,Económico,Producto A,5,100,0.0,500.0,Oeste,Online,0,2.9698283333708653,17,255,768.9789831863507,0,1
2025-05-28,1454,Económico,Producto B,5,250,0.006534895292046401,1241.831380884942,Oeste,Online,0,3.3004743596108286,21,99,1371.7357406045862,0,0
2025-05-30,1161,Estándar,Producto D,18,750,0.05276597379571621,12787.659353757832,Sur,Online,0,3.660085494230783,42,226,1350.3899880742972,0,1
2025-05-30,1053,Estándar,Producto D,15,750,0.019493618195330888,11030.696795302527,Sur,Tienda,0,2.866184404913117,34,110,693.9734197059904,1,1
2025-05-31,1535,Económico,Producto A,4,100,0.0,400.0,Norte,Online,0,2.5114024180073358,46,103,306.46062048693693,2,1
2025-05-31,1692,Premium,Producto A,2,100,0.14478090334081484,171.04381933183703,Oeste,Online,0,3.7122245547017623,6,243,1301.626919767943,2,0
2025-06-01,1483,Estándar,Producto D,15,750,0.060397297040245386,10570.53040829724,Oeste,Tienda,0,5.0,7,44,826.1103212612805,2,0
2025-06-01,1488,Económico,Producto B,13,250,0.0,3250.0,Sur,Tienda,0,4.661470165728018,4,311,1983.08940805023,1,0
2025-06-01,1142,Estándar,Producto A,17,100,0.03675738309064802,1637.5124487458984,Sur,Teléfono,0,3.4021916135146406,44,338,336.57728369700885,0,1
2025-06-02,1359,Económico,Producto D,11,750,0.0,8250.0,Oeste,Online,0,1.7424221410853837,46,158,1430.0566330216786,1,1
2025-06-02,1752,Económico,Producto D,9,750,0.0,6750.0,Sur,Online,0,2.8441785256708974,31,60,1900.6888328139457,1,0
2025-06-03,1389,Estándar,Producto B,14,250,0.005762761773409862,3479.8303337930656,Sur,Tienda,0,5.0,7,234,1364.9805090957643,0,1
2025-06-04,1330,Económico,Producto C,12,450,0.0,5400.0,Norte,Teléfono,1,3.4621726660819427,37,153,77.670596321746,2,0
2025-06-06,1570,Estándar,Producto A,11,100,0.06051955116835234,1033.4284937148125,Sur,Tienda,1,3.878296045582133,7,351,654.4998774849892,1,0
2025-06-07,1426,Estándar,Producto C,18,450,0.04987296886454263,7696.0289521972045,Norte,Tienda,0,5.0,27,155,495.9197202270371,2,0
2025-06-07,1727,Económico,Producto B,8,250,0.0,2000.0,Este,Online,0,3.760769641959354,12,172,281.08011601639555,0,1
2025-06-07,1759,Económico,Producto B,19,250,0.06991755579200198,4417.891609987991,Este,Online,1,1.5365940415733115,29,162,162.52071041100277,2,0
2025-06-09,1857,Estándar,Producto B,13,250,0.058129549544768365,3061.078963979503,Este,Online,0,2.420384492594123,0,57,1760.843443800257,2,1
2025-06-09,1314,Estándar,Producto A,5,100,0.04185927374146439,479.07036312926783,Norte,Online,0,4.686318456956701,20,98,686.359940317375,2,0
2025-06-09,1108,Estándar,Producto B,8,250,0.0784051386488392,1843.1897227023214,Este,Online,0,3.465284392189355,44,220,547.8526991826667,2,1
2025-06-09,1614,Premium,Producto A,4,100,0.16354319424131575,334.5827223034737,Norte,Online,0,4.634637009227269,39,188,1467.1609871279834,0,1
2025-06-10,1535,Estándar,Producto C,2,450,0.05218941208094578,853.0295291271489,Oeste,Online,0,5.0,30,253,1116.0660150856982,0,0
2025-06-10,1508,Estándar,Producto E,10,1200,0.03835776812419144,11539.706782509702,Norte,Online,1,3.411961421541125,21,302,422.6814835172051,1,0
2025-06-10,1510,Estándar,Producto A,5,100,0.06182217227077086,469.0889138646146,Sur,Online,0,5.0,26,205,294.44512779515196,2,0
2025-06-10,1885,Estándar,Producto E,8,1200,0.03803148129312879,9234.897779585963,Este,Tienda,1,4.228576527517897,33,254,1059.312787565268,0,0
2025-06-11,1479,Premium,Producto A,17,100,0.11823070919164883,1499.0077943741971,Norte,Online,0,5.0,48,320,1431.5549101109548,2,1
2025-06-12,1080,Económico,Producto B,8,250,0.0,2000.0,Sur,Tienda,0,3.220381582788034,16,250,151.1958340609012,0,0
2025-06-12,1581,Estándar,Producto D,3,750,0.05623403604262438,2123.473418904095,Oeste,Tienda,0,3.551231775511369,0,336,792.0095342462944,2,1
2025-06-14,1543,Estándar,Producto D,18,750,0.05512109728566519,12755.86518664352,Norte,Teléfono,0,3.67676203547791,3,215,1424.4984695845944,2,1
2025-06-16,1888,Estándar,Producto C,1,450,0.0463847902040888,429.12684440816,Oeste,Online,0,2.0516527405727283,34,146,823.2796798804283,2,0
2025-06-18,1457,Económico,Producto D,12,750,0.013869578238279874,8875.17379585548,Este,Tienda,1,2.6079873600808705,13,113,1674.0192347371287,2,0
2025-06-19,1209,Estándar,Producto D,1,750,0.014475295342033602,739.1435284934748,Este,Online,0,4.408652811480671,5,96,889.5534085390204,1,0
2025-06-19,1117,Estándar,Producto A,18,100,0.08626687903965552,1644.71961772862,Norte,Online,1,3.3425678424468623,38,288,1301.3820747321884,1,0
2025-06-19,1590,Premium,Producto C,18,450,0.14945420120720598,6889.420970221631,Sur,Online,0,4.732743885576974,4,317,1133.2160770064274,1,1
2025-06-19,1467,Estándar,Producto C,17,450,0.020069414898198423,7496.468976028781,Sur,Tienda,0,3.349976065593102,1,123,1121.7322236349755,1,1
2025-06-20,1153,Estándar,Producto C,15,450,0.04833231449451414,6423.756877162029,Sur,Tienda,0,4.185692589741059,34,321,571.4339543222055,1,1
2025-06-21,1834,Estándar,Producto C,10,450,0.08897341915442972,4099.619613805066,Sur,Online,1,3.4414852579061126,1,64,278.2787807771289,0,1
2025-06-21,1820,Económico,Producto C,16,450,0.0,7200.0,Norte,Online,1,4.430346598847928,3,6,543.5480014002371,2,0
2025-06-21,1649,Estándar,Producto E,14,1200,0.06129211851787201,15770.29240889975,Oeste,Tienda,0,2.980335661307884,26,53,687.7370560960446,2,0
2025-06-21,1126,Económico,Producto D,9,750,0.005277034021478694,6714.380020355019,Norte,Online,0,1.475584661879023,39,38,438.57715611026157,2,0
2025-06-22,1479,Económico,Producto A,14,100,0.0,1400.0,Oeste,Online,1,2.1681777917695553,32,330,1209.8662686216899,1,1
2025-06-23,1502,Económico,Producto C,4,450,0.0015191053583217481,1797.2656103550207,Sur,Online,0,3.7426824183597223,26,237,618.4166948012596,1,1
2025-06-24,1720,Económico,Producto C,7,450,0.0,3150.0,Sur,Teléfono,1,1.6189553968462251,20,257,1278.982077939508,2,0
2025-06-25,1187,Económico,Producto D,18,750,0.010766480447938532,13354.652513952831,Oeste,Online,0,3.1842479139441027,10,185,92.73099111126746,1,1
2025-06-25,1134,Premium,Producto D,15,750,0.16957848013730847,9342.24209845528,Sur,Tienda,0,3.99348670729042,37,340,362.90209782889156,0,0
2025-06-28,1713,Económico,Producto B,7,250,0.016177858402120195,1721.6887477962898,Este,Online,1,3.5464637641476626,3,139,537.4160454753614,1,0
2025-06-29,1664,Estándar,Producto B,13,250,0.060977676706347295,3051.8225507043717,Oeste,Tienda,0,3.7450442064463023,48,361,579.4225706546423,0,0
2025-06-29,1212,Económico,Producto C,13,450,0.0,5850.0,Sur,Tienda,0,3.0143320598441563,11,312,75.83951533262557,0,0
2025-06-29,1238,Estándar,Producto E,14,1200,0.04555590674154199,16034.660766742096,Norte,Online,1,1.5905256787817095,1,133,1589.3927786806228,1,1
2025-06-30,1757,Premium,Producto A,11,100,0.16145216215828198,922.4026216258898,Sur,Online,1,5.0,35,161,1062.4879130214,2,1
2025-07-03,1678,Premium,Producto C,15,450,0.15897379536677814,5676.9268812742475,Este,Tienda,0,5.0,32,18,1374.0080614241817,2,1
2025-07-04,1448,Estándar,Producto B,19,250,0.09472599241696482,4300.051536019417,Norte,Tienda,1,5.0,48,244,278.54761607645514,0,0
2025-07-05,1639,Económico,Producto A,7,100,0.0058352288506709395,695.9153398045304,Este,Online,0,2.5750146266233505,0,240,1242.1063743224613,2,0
2025-07-06,1250,Estándar,Producto E,11,1200,0.028071950276971975,12829.45025634397,Norte,Tienda,0,4.838236879571141,0,92,1651.7073076563538,0,0
2025-07-06,1363,Estándar,Producto A,7,100,0.023615056108024654,683.4694607243828,Sur,Online,0,3.7970193626043427,10,180,848.9915110637312,0,1
2025-07-06,1657,Económico,Producto B,8,250,0.0,2000.0,Norte,Tienda,0,3.940696143822682,48,172,928.4332143676609,0,0
2025-07-07,1334,Estándar,Producto E,10,1200,0.028442563772456204,11658.689234730526,Sur,Tienda,0,3.311282333577085,3,59,1459.338616865669,1,0
2025-07-07,1618,Económico,Producto C,2,450,0.0,900.0,Oeste,Tienda,1,5.0,14,47,179.60348526373065,0,1
2025-07-07,1313,Económico,Producto E,7,1200,0.02252593118648294,8210.782178033543,Este,Tienda,0,3.77325432131705,28,58,381.26796179893387,0,0
2025-07-08,1219,Estándar,Producto B,17,250,0.06278539075713835,3983.162089282162,Norte,Tienda,0,2.533792169103835,36,244,1283.1630824403555,1,1
2025-07-08,1681,Estándar,Producto C,16,450,0.03739375041494038,6930.764997012429,Oeste,Tienda,0,2.991944522888052,29,203,1462.4715923426024,2,0
2025-07-09,1335,Premium,Producto B,18,250,0.173117701683854,3720.9703424226573,Sur,Teléfono,0,4.579061114307716,37,238,1291.685348236438,2,1
2025-07-09,1060,Estándar,Producto E,14,1200,0.059264125841982464,15804.362685854696,Sur,Online,0,2.6328621935397543,14,278,1967.4460307960114,1,0
2025-07-09,1339,Estándar,Producto D,8,750,0.056993000945993876,5658.041994324037,Oeste,Teléfono,0,2.4351972286379446,24,55,442.077046497393,2,0
2025-07-09,1454,Económico,Producto B,2,250,0.014877532490292767,492.5612337548536,Norte,Online,1,3.5899484845549425,19,139,686.9465363805264,2,0
2025-07-10,1479,Estándar,Producto C,13,450,0.098989195979162,5270.913203521903,Oeste,Online,1,2.8236967430767312,10,186,1705.8990607283233,1,0
2025-07-10,1925,Estándar,Producto E,3,1200,0.05479177761448338,3402.7496005878597,Oeste,Online,0,4.484159118932952,42,354,1879.9068005233808,0,0
2025-07-11,1124,Estándar,Producto A,4,100,0.0853754356651884,365.84982573392466,Este,Tienda,0,3.5078564848039973,22,138,1861.8220640301524,2,1
2025-07-11,1708,Estándar,Producto E,19,1200,0.04397927779758193,21797.27246621513,Sur,Tienda,0,1.0710486352989026,24,13,154.0285941283505,2,0
2025-07-11,1913,Estándar,Producto B,11,250,0.0500275930201597,2612.424119194561,Norte,Tienda,0,2.7232270478689133,9,338,1508.1989820307763,2,1
2025-07-13,1192,Premium,Producto D,18,750,0.1690519678929781,11217.798433444797,Sur,Online,0,5.0,32,58,1414.2971607631373,1,1
2025-07-14,1221,Económico,Producto D,13,750,0.00482643869833562,9702.942222691227,Sur,Tienda,1,1.848985916380493,10,363,742.1030887101696,1,1
2025-07-15,1007,Premium,Producto B,17,250,0.16863142537362127,3533.3164421621095,Oeste,Tienda,0,5.0,15,44,1953.5646012267632,2,0
2025-07-17,1214,Estándar,Producto A,3,100,0.037935842077647566,288.61924737670574,Norte,Tienda,0,3.3634742768243977,7,206,1702.4064646141787,1,1
2025-07-17,1275,Estándar,Producto E,12,1200,0.05686134017851871,13581.196701429331,Sur,Online,0,4.308450108331515,33,70,461.0465480225558,1,0
2025-07-17,1275,Premium,Producto B,15,250,0.11595573467839976,3315.165994956001,Oeste,Online,0,4.537184313660489,28,349,90.01558872218416,1,0
2025-07-18,1539,Estándar,Producto E,13,1200,0.04241191002028316,14938.374203683585,Oeste,Online,0,4.3320652491644065,22,277,994.8490904060211,2,0
2025-07-20,1987,Estándar,Producto E,6,1200,0.035888918164435006,6941.5997892160685,Oeste,Tienda,0,5.0,22,144,911.4056586935288,2,0
2025-07-20,1489,Económico,Producto B,2,250,0.03477702703706663,482.61148648146667,Oeste,Tienda,0,2.6787572338820884,16,105,662.0572186088175,2,0
2025-07-21,1678,Estándar,Producto A,8,100,0.026312796553759548,778.9497627569924,Sur,Online,0,3.5006157014086288,11,37,1684.549321109511,2,0
2025-07-22,1226,Económico,Producto D,8,750,0.005239006986826265,5968.5659580790425,Norte,Tienda,0,1.7448922507433644,3,38,1868.0293785463111,0,1
2025-07-23,1186,Premium,Producto D,3,750,0.13784249478648364,1939.854386730412,Sur,Teléfono,0,4.460877296851021,37,199,1139.5935920175755,1,0
2025-07-25,1005,Estándar,Producto C,10,450,0.03564162218504797,4339.612700167284,Norte,Tienda,0,3.7694753748197494,4,189,1977.617213591121,2,0
2025-07-26,1286,Estándar,Producto B,7,250,0.0798787639959669,1610.2121630070578,Norte,Teléfono,0,4.527902648942897,19,204,502.5086924172542,0,0
2025-07-27,1910,Premium,Producto B,8,250,0.13126987250420807,1737.460254991584,Sur,Tienda,0,4.332220443531114,36,155,1533.1225027878006,2,1
2025-07-27,1757,Estándar,Producto A,7,100,0.04653357691498905,667.4264961595077,Sur,Tienda,1,4.60730736336004,20,93,448.67432630533244,2,0
2025-07-27,1935,Estándar,Producto A,10,100,0.04134198362429706,958.6580163757028,Oeste,Online,0,4.314448917351962,8,181,1992.976672674158,2,0
2025-08-01,1097,Estándar,Producto D,1,750,0.052623801806877674,710.5321486448418,Oeste,Online,1,4.086428517078435,0,106,1612.8192636347596,1,0
2025-08-02,1138,Estándar,Producto A,1,100,0.06508166340580944,93.49183365941906,Norte,Tienda,0,2.8817258454347208,21,101,87.35319682494315,2,1
2025-08-03,1711,Económico,Producto C,19,450,0.0,8550.0,Este,Online,1,2.935811822891502,38,155,1214.7202196892652,1,0
2025-08-03,1183,Estándar,Producto B,6,250,0.03221518343543352,1451.6772248468499,Este,Online,0,4.955300558237753,31,104,726.4276539105518,1,0
2025-08-03,1185,Estándar,Producto C,1,450,0.05657520600685691,424.5411572969144,Oeste,Online,0,4.02780291573994,43,136,517.9792595464171,2,1
2025-08-04,1374,Económico,Producto A,2,100,0.0,200.0,Este,Teléfono,0,3.8538085623090685,26,112,63.41202632831616,0,0
2025-08-05,1555,Estándar,Producto B,18,250,0.07271240294365888,4172.7941867535355,Norte,Online,0,2.893706487588366,2,148,888.4173585706524,0,1
2025-08-06,1725,Premium,Producto E,1,1200,0.15696578660199517,1011.6410560776059,Sur,Online,0,4.267531542988346,45,24,370.59078170381355,0,1
2025-08-06,1900,Estándar,Producto C,16,450,0.0317522509497522,6971.3837931617845,Este,Tienda,0,4.188467729066277,2,39,829.0616299445228,0,1
2025-08-06,1711,Económico,Producto E,5,1200,0.0,6000.0,Sur,Online,1,2.751641973587876,47,1,1490.7900204094137,2,1
2025-08-06,1778,Estándar,Producto D,7,750,0.055155050802855016,4960.435983285011,Este,Tienda,1,2.7582394245183757,27,93,556.3581359533073,2,1
2025-08-08,1980,Estándar,Producto B,12,250,0.01990248014341747,2940.292559569748,Norte,Tienda,0,4.125983954448911,41,181,1800.5999546939643,2,0
2025-08-08,1021,Estándar,Producto E,16,1200,0.0730712685731972,17797.031643394614,Norte,Tienda,1,3.4813920209697056,37,336,748.7525805097638,0,1
2025-08-08,1162,Estándar,Producto E,15,1200,0.041771467857679954,17248.11357856176,Norte,Online,1,5.0,5,196,1870.8113748528665,0,0
2025-08-10,1216,Estándar,Producto E,6,1200,0.05907017425108935,6774.6947453921575,Sur,Online,0,3.0177059657453205,13,12,486.76596443690823,2,0
2025-08-10,1018,Económico,Producto D,3,750,0.0,2250.0,Oeste,Tienda,0,2.369713555934858,43,359,673.3215078195219,0,0
2025-08-11,1326,Estándar,Producto A,3,100,0.028614262891623495,291.41572113251294,Sur,Tienda,0,2.2130542686601515,14,238,611.6104245518802,2,1
2025-08-11,1731,Económico,Producto D,13,750,0.0019813815184681945,9730.681530194935,Sur,Tienda,1,1.482693784321507,23,270,1476.3984014210757,0,0
2025-08-12,1556,Económico,Producto D,19,750,0.0,14250.0,Oeste,Online,0,2.0039648722973364,17,196,1572.8795341066489,2,1
2025-08-13,1609,Económico,Producto E,5,1200,0.0,6000.0,Norte,Teléfono,1,2.734224303545723,17,270,993.840116393338,0,0
2025-08-13,1201,Estándar,Producto C,3,450,0.06076265929136932,1267.9704099566513,Oeste,Teléfono,0,4.830507957660087,40,213,1649.8322995050892,2,1
2025-08-13,1192,Estándar,Producto C,13,450,0.08298961788647842,5364.5107353641015,Norte,Online,0,5.0,8,278,178.09962715483547,0,0
2025-08-14,1068,Estándar,Producto A,2,100,0.04398280505718348,191.2034389885633,Norte,Tienda,0,2.790523064581195,45,313,714.0624291857989,2,0
2025-08-15,1024,Estándar,Producto D,16,750,0.04032877032306926,11516.054756123169,Este,Tienda,0,3.3878330828451793,6,208,501.3766668423313,1,1
2025-08-15,1120,Estándar,Producto C,11,450,0.04683472237192019,4718.168124258995,Este,Online,0,3.9741788149516415,5,363,661.7276985015272,2,1
2025-08-17,1297,Estándar,Producto E,4,1200,0.050826512645412374,4556.032739302021,Este,Tienda,0,4.4430021304473755,7,262,307.33237326672537,2,1
2025-08-18,1574,Premium,Producto D,13,750,0.15864525901268312,8203.20872462634,Norte,Online,0,5.0,7,324,225.33667747641945,1,0
2025-08-19,1174,Económico,Producto B,7,250,0.0,1750.0,Norte,Tienda,0,2.342515062033656,46,274,471.68852996373136,0,1
2025-08-19,1164,Económico,Producto D,6,750,0.0,4500.0,Oeste,Tienda,1,1.2631835914559744,35,29,814.2255977406226,2,1
2025-08-19,1652,Estándar,Producto E,4,1200,0.029955659621465507,4656.212833816966,Este,Tienda,0,3.247564762646965,14,147,1362.5296552768732,1,1
2025-08-19,1516,Premium,Producto C,5,450,0.15491793653825808,1901.4346427889195,Oeste,Teléfono,0,2.0469248993487303,34,340,1738.8980134867777,2,0
2025-08-21,1180,Económico,Producto C,10,450,0.0,4500.0,Norte,Tienda,0,2.2155093567578903,38,244,887.764584598846,0,0
2025-08-21,1886,Premium,Producto B,15,250,0.13095367238522404,3258.9237285554095,Sur,Tienda,0,4.3230048615414685,3,107,168.96392886052004,2,1
2025-08-21,1817,Estándar,Producto E,3,1200,0.07366987333779856,3334.7884559839254,Norte,Teléfono,0,2.8219591326236193,1,315,52.625228365299215,1,1
2025-08-21,1792,Premium,Producto B,10,250,0.16237260240219484,2094.068493994513,Norte,Tienda,0,3.683729958925901,15,236,1231.6940861784997,1,0
2025-08-22,1282,Económico,Producto B,2,250,0.0,500.0,Sur,Online,1,2.7628122615879342,33,175,104.31186960109508,1,0
2025-08-24,1434,Estándar,Producto C,2,450,0.054382212000688206,851.0560091993807,Norte,Tienda,0,4.077144785883126,19,124,98.13410658794,0,1
2025-08-25,1621,Premium,Producto B,14,250,0.15752643554062365,2948.657475607817,Sur,Online,0,5.0,35,21,1074.6670993439916,0,1
2025-08-25,1439,Económico,Producto A,13,100,0.007352396804194218,1290.4418841545476,Este,Online,0,3.1480894197982763,15,186,1852.3597880495893,0,1
2025-08-25,1754,Estándar,Producto D,16,750,0.048332127577422335,11420.014469070931,Norte,Online,0,1.0,39,255,1570.6507238196327,2,0
2025-08-26,1864,Premium,Producto C,17,450,0.12695661240959963,6678.781915066562,Sur,Tienda,0,5.0,19,290,1802.636384987828,0,1
2025-08-26,1510,Estándar,Producto B,13,250,0.04127281062563519,3115.8633654666855,Oeste,Online,1,1.5921316730731143,46,53,916.0019359679063,0,1
2025-08-27,1729,Premium,Producto D,14,750,0.11074584839983126,9337.168591801772,Norte,Online,0,4.6053731878016,28,339,1380.2737940474426,0,1
2025-08-28,1946,Estándar,Producto D,3,750,0.034217167432147956,2173.011373277667,Oeste,Tienda,0,4.345613416385369,3,242,1024.9200343313373,1,0
2025-08-29,1684,Económico,Producto E,15,1200,0.020905020297461552,17623.709634645693,Este,Online,0,3.349769520606058,25,239,600.4118173052191,2,0
2025-08-30,1076,Estándar,Producto D,19,750,0.03498595945927403,13751.450077705345,Este,Tienda,0,3.9552396923878264,37,97,1021.3533899186828,1,1
2025-08-31,1883,Estándar,Producto B,1,250,0.05077183725464562,237.30704068633858,Oeste,Tienda,0,4.411182159584289,10,358,959.0541026987361,0,1
2025-09-01,1665,Económico,Producto D,11,750,0.0009380113138042206,8242.261406661115,Norte,Online,1,3.696985522343057,24,117,640.8841386149585,1,1
2025-09-03,1074,Económico,Producto B,11,250,0.01636254572496367,2705.00299925635,Norte,Online,0,1.0,46,312,786.786466768014,1,0
2025-09-03,1466,Premium,Producto C,17,450,0.1561617132151828,6455.362893903851,Sur,Online,0,4.969614510490014,37,319,1636.7605202583436,1,0
2025-09-04,1277,Premium,Producto A,9,100,0.13860697131683347,775.25372581485,Oeste,Tienda,0,4.233807528736554,32,0,366.9490755639803,1,1
2025-09-04,1912,Estándar,Producto B,4,250,0.09330112135613206,906.6988786438679,Norte,Online,1,5.0,23,291,1103.543841715471,2,0
2025-09-04,1282,Estándar,Producto A,18,100,0.07124032353591075,1671.7674176353607,Este,Tienda,1,4.167517612530043,47,38,1029.8572098125173,1,1
2025-09-07,1277,Estándar,Producto D,12,750,0.059828589054404,8461.542698510364,Norte,Online,0,4.569760357198647,25,86,685.0853640247088,1,1
2025-09-07,1043,Premium,Producto C,5,450,0.15797390367244474,1894.5587167369993,Sur,Online,0,4.510760767000906,20,331,1638.0542195740845,0,0
2025-09-09,1701,Estándar,Producto B,7,250,0.03899769434126922,1681.754034902779,Este,Online,0,3.85297457656915,37,185,913.0258245689901,2,0
2025-09-09,1377,Estándar,Producto C,18,450,0.05052254945871578,7690.767349384401,Oeste,Tienda,0,2.2650723678649376,5,24,918.5037256568507,0,0
2025-09-09,1762,Económico,Producto D,19,750,0.022058554654853197,13935.665596168343,Norte,Tienda,0,4.935320336598404,4,41,602.5599343376805,2,1
2025-09-09,1250,Estándar,Producto E,15,1200,0.05862241928194819,16944.796452924933,Norte,Online,1,3.36470839531391,46,293,1047.8295218736666,2,0
2025-09-10,1903,Estándar,Producto B,15,250,0.03544655290287552,3617.075426614216,Norte,Tienda,0,4.009465194022682,2,8,1137.8536675371427,0,0
2025-09-10,1326,Premium,Producto B,9,250,0.15114272710322527,1909.928864017743,Oeste,Online,0,5.0,45,199,628.3943402063315,0,1
2025-09-11,1011,Económico,Producto D,14,750,0.0,10500.0,Norte,Online,0,3.119600262667104,4,24,327.9852823145754,0,0
2025-09-11,1845,Estándar,Producto C,19,450,0.0729507842718779,7926.270794475444,Norte,Online,1,3.271478445985647,32,67,395.3103980247152,1,1
2025-09-11,1322,Económico,Producto E,13,1200,0.0,15600.0,Sur,Tienda,0,3.5073410218928744,11,113,1274.1035590498059,2,0
2025-09-12,1146,Económico,Producto E,14,1200,0.04614041833907222,16024.840971903586,Este,Teléfono,1,2.821224916217094,18,337,1630.4130235701587,2,0
2025-09-12,1914,Estándar,Producto D,17,750,0.038987629467957405,12252.907724283545,Sur,Online,0,5.0,21,15,1283.9650907899384,2,1
2025-09-13,1684,Premium,Producto D,8,750,0.14511111340151273,5129.333319590924,Sur,Online,0,3.998641500769449,42,362,865.8595900877503,1,0
2025-09-14,1490,Estándar,Producto A,7,100,0.09191687003618318,635.6581909746717,Sur,Online,0,5.0,41,134,1571.4146646444854,2,1
2025-09-14,1346,Estándar,Producto E,8,1200,0.044757097122641885,9170.331867622637,Este,Online,0,5.0,27,27,1051.7303176698445,0,1
2025-09-15,1497,Estándar,Producto C,6,450,0.044575896134785485,2579.6450804360793,Sur,Teléfono,1,3.388677220780892,34,224,228.27288404341942,1,1
2025-09-16,1240,Estándar,Producto E,3,1200,0.049237198291167024,3422.7460861517984,Norte,Online,1,4.049802790902833,33,344,666.351483494365,0,0
2025-09-16,1918,Estándar,Producto C,9,450,0.02459877822575936,3950.3749481856744,Sur,Online,0,4.286955854301708,17,33,900.1906021126424,0,1
2025-09-17,1020,Estándar,Producto A,16,100,0.06120474078976914,1502.0724147363694,Sur,Tienda,1,3.189616305575015,23,243,752.7322101081828,2,0
2025-09-18,1515,Estándar,Producto A,13,100,0.04785290418571968,1237.7912245585644,Oeste,Tienda,0,4.9994190326779115,28,12,86.94353657999142,0,1
2025-09-19,1188,Estándar,Producto C,16,450,0.042170400998236164,6896.373112812699,Sur,Online,1,3.8406645753041966,41,163,1025.113605422619,0,1
2025-09-20,1507,Económico,Producto D,7,750,0.0,5250.0,Este,Tienda,0,1.307318384489063,20,150,802.5820463270084,1,0
2025-09-21,1196,Económico,Producto A,18,100,0.0,1800.0,Norte,Tienda,0,2.8454610057701304,38,219,453.2948916101227,1,0
2025-09-21,1697,Premium,Producto C,5,450,0.13997261456664362,1935.061617225052,Este,Tienda,0,3.5819400780310637,23,360,771.9527620849246,0,1
2025-09-21,1950,Económico,Producto A,19,100,0.0,1900.0,Este,Tienda,0,3.4578056099257846,39,178,534.6526508084808,2,1
2025-09-21,1272,Estándar,Producto E,7,1200,0.058161056936735116,7911.447121731425,Norte,Teléfono,1,4.550797572273663,5,284,689.9121410895352,2,0
2025-09-22,1685,Estándar,Producto B,19,250,0.04215357994974516,4549.77049523871,Este,Teléfono,1,3.825603681655202,25,175,691.2041048047882,2,1
2025-09-24,1826,Económico,Producto D,16,750,0.016337359390645245,11803.951687312256,Norte,Teléfono,0,2.5737314433235747,7,311,1311.332596406443,2,0
2025-09-25,1386,Premium,Producto C,1,450,0.1738341499421413,371.77463252603644,Oeste,Online,0,4.916282040150788,41,177,833.4966134633778,0,0
2025-09-25,1698,Estándar,Producto C,16,450,0.05757621058993187,6785.451283752491,Oeste,Teléfono,0,4.377829221222158,13,252,1848.2742597000042,2,0
2025-09-26,1891,Económico,Producto B,18,250,0.0,4500.0,Este,Teléfono,0,1.797583798065291,35,246,577.5905501515832,2,1
2025-09-27,1558,Económico,Producto B,8,250,0.0,2000.0,Sur,Teléfono,1,2.697038623125699,33,78,746.5250512864375,0,0
2025-09-28,1097,Premium,Producto E,6,1200,0.14697948092305893,6141.747737353976,Sur,Online,0,4.360949602914969,29,92,962.5619018321846,0,0
2025-09-28,1021,Premium,Producto B,17,250,0.14159772876847965,3648.2096527339613,Este,Tienda,0,4.317217641578931,33,349,1212.297725733853,2,0
2025-09-28,1324,Estándar,Producto C,9,450,0.03406121479085952,3912.052080097019,Sur,Online,1,5.0,35,341,1695.5648519003116,1,1
2025-09-28,1438,Económico,Producto C,14,450,0.007466482889955251,6252.961157793283,Este,Online,1,3.6303924720320566,3,124,730.2222195443287,2,0
2025-09-29,1543,Económico,Producto B,9,250,0.005660896402729595,2237.2629830938586,Sur,Online,1,3.168928991370854,41,55,1268.0947498532478,1,1
2025-09-30,1972,Económico,Producto C,7,450,0.003979930275838653,3137.463219631108,Sur,Teléfono,1,3.1661091439378843,33,313,123.51056358396295,2,1
2025-10-01,1145,Económico,Producto B,1,250,0.0,250.0,Sur,Online,0,3.916051323118311,13,8,63.61541066667883,1,0
2025-10-02,1695,Económico,Producto D,6,750,0.0023119599412744062,4489.596180264265,Este,Online,0,1.883595220049968,34,61,784.8904166770176,1,0
2025-10-04,1211,Económico,Producto C,9,450,0.024505174741780298,3950.75404229579,Sur,Online,1,3.133486745442665,16,293,674.7825079734191,0,0
2025-10-04,1109,Económico,Producto C,19,450,0.0,8550.0,Norte,Teléfono,1,1.7092111338494074,39,25,1047.9718903104872,0,1
2025-10-04,1585,Estándar,Producto A,7,100,0.03721538877439736,673.9492278579219,Este,Teléfono,0,3.1091103880579416,13,77,918.6332129818613,2,1
2025-10-05,1009,Premium,Producto A,5,100,0.15955887754667814,420.22056122666095,Norte,Tienda,0,5.0,5,210,785.858194753469,0,0
2025-10-06,1278,Económico,Producto E,7,1200,0.01803102513149529,8248.53938889544,Este,Online,0,4.0601477052026596,1,54,1666.8437485540728,2,1
2025-10-07,1630,Estándar,Producto E,3,1200,0.02647653326890439,3504.684480231944,Sur,Online,0,4.487560297086719,6,2,1660.5847922682406,2,1
2025-10-07,1042,Premium,Producto A,14,100,0.16078946747386744,1174.8947455365856,Sur,Online,0,5.0,35,125,521.5844810599385,0,1
2025-10-07,1626,Estándar,Producto B,19,250,0.07366647620886313,4400.0842380079,Norte,Tienda,0,5.0,27,208,426.6620163964438,2,1
2025-10-07,1441,Premium,Producto D,18,750,0.1434411615946528,11563.544318472186,Este,Online,1,5.0,25,202,158.6946644955114,0,1
2025-10-07,1426,Premium,Producto A,13,100,0.12142285526911617,1142.1502881501492,Norte,Online,0,5.0,1,351,993.5274267854072,1,1
2025-10-08,1648,Estándar,Producto A,18,100,0.05639049341565911,1698.4971118518133,Este,Online,1,5.0,16,273,1471.2961187522653,0,0
2025-10-10,1081,Estándar,Producto A,4,100,0.06900031657339292,372.39987337064287,Norte,Online,0,4.243004722054399,27,246,1500.6151152391963,1,0
2025-10-10,1153,Estándar,Producto D,17,750,0.03848236575083358,12259.349836676873,Sur,Teléfono,0,1.100106219725001,43,75,1633.0231007842283,2,0
2025-10-10,1874,Económico,Producto B,3,250,0.0,750.0,Oeste,Tienda,0,4.049125417240026,0,48,89.04529797776586,1,1
2025-10-11,1143,Estándar,Producto E,7,1200,0.07650864218190156,7757.3274056720265,Oeste,Tienda,1,2.5931849905024618,25,89,1213.0462115200369,0,1
2025-10-11,1120,Estándar,Producto C,4,450,0.03231683040112464,1741.8297052779756,Oeste,Teléfono,0,1.4115833677958003,13,215,1377.3111277901871,1,0
2025-10-11,1923,Estándar,Producto B,10,250,0.06920609592562942,2326.9847601859265,Oeste,Tienda,0,4.462483624066854,45,182,1475.9386492273813,1,1
2025-10-12,1611,Estándar,Producto C,2,450,0.05052655667885298,854.5260989890323,Norte,Teléfono,1,4.7334528831410845,11,179,1640.7034922209357,1,0
2025-10-13,1050,Premium,Producto C,6,450,0.15915244207466567,2270.2884063984025,Norte,Tienda,0,4.618429108202976,10,142,889.1757381257909,1,0
2025-10-13,1534,Económico,Producto A,15,100,0.0,1500.0,Sur,Online,1,2.272691937229694,10,327,1860.7639189847448,0,0
2025-10-15,1630,Económico,Producto B,12,250,0.026285900210355033,2921.142299368935,Norte,Online,1,3.1316694346353873,0,267,161.75510452044927,1,0
2025-10-15,1865,Estándar,Producto A,4,100,0.030016005889979477,387.9935976440082,Oeste,Tienda,0,4.219796734998102,7,124,1350.0370211904005,2,0
2025-10-16,1894,Estándar,Producto B,8,250,0.036228239507267467,1927.543520985465,Oeste,Online,0,3.582707893187998,7,291,215.6842652844595,0,1
2025-10-16,1751,Estándar,Producto E,12,1200,0.06101575470233528,13521.373132286371,Oeste,Online,1,3.805323337642003,25,293,121.59023979197995,1,1
2025-10-16,1841,Económico,Producto B,6,250,0.03286756311609068,1450.698655325864,Oeste,Online,0,3.360647891435795,20,247,400.219573808187,0,1
2025-10-17,1038,Estándar,Producto C,18,450,0.040234523150969106,7774.10036247715,Este,Online,0,4.633326826071238,41,31,1963.3040396479923,0,0
2025-10-17,1790,Premium,Producto D,8,750,0.14841865316270886,5109.488081023746,Norte,Online,1,4.420875890364254,36,225,1252.589779911213,2,1
2025-10-20,1757,Estándar,Producto E,12,1200,0.03993686191451465,13824.90918843099,Norte,Teléfono,0,2.588433844816043,35,160,1221.5446912122572,0,1
2025-10-21,1041,Estándar,Producto E,19,1200,0.037033794597126087,21955.629483185527,Oeste,Online,0,3.1756769879371216,7,17,1829.9615607953303,0,1
2025-10-21,1413,Premium,Producto C,3,450,0.15385120469065253,1142.300873667619,Sur,Tienda,0,5.0,43,155,1089.0127229327188,0,1
2025-10-22,1971,Premium,Producto E,7,1200,0.15248313181942605,7119.141692716821,Oeste,Online,0,5.0,8,31,363.1577053344517,0,0
2025-10-23,1458,Económico,Producto E,9,1200,0.0,10800.0,Sur,Online,0,2.2324883532325646,27,354,636.8843232816623,0,1
2025-10-25,1576,Estándar,Producto D,5,750,0.04974712375316441,3563.4482859256336,Norte,Online,0,4.126000519044068,39,150,1906.5865207232014,1,0
2025-10-26,1254,Estándar,Producto E,10,1200,0.04882470575446542,11414.103530946415,Norte,Online,1,3.494983149632664,8,11,835.9110570013364,1,1
2025-10-28,1311,Premium,Producto B,14,250,0.14536347661515048,2991.2278318469735,Norte,Tienda,0,3.673801844357116,41,323,1275.5792319605976,2,1
2025-10-29,1104,Económico,Producto C,10,450,0.0,4500.0,Sur,Online,1,1.377066997318762,3,350,1303.4159562858595,0,0
2025-10-31,1971,Estándar,Producto E,3,1200,0.06967845362861469,3349.1575669369868,Este,Teléfono,1,4.394071710113463,33,104,1206.4595704363473,0,0
2025-10-31,1254,Estándar,Producto D,10,750,0.03235081903535503,7257.368857234837,Oeste,Online,0,2.5764293578188724,26,343,1187.449133959199,1,1
2025-10-31,1934,Premium,Producto D,17,750,0.1627231097007887,10675.280351314943,Este,Online,0,3.3764666156015943,30,238,768.0877094205096,2,0
2025-10-31,1609,Económico,Producto A,16,100,0.03571742248608233,1542.8521240222683,Este,Online,0,3.2970557714919098,43,194,1409.4741958661832,1,1
2025-10-31,1753,Estándar,Producto A,12,100,0.006026143755416706,1192.7686274935,Este,Teléfono,1,5.0,19,206,1654.2706973485524,0,0
2025-11-01,1974,Estándar,Producto E,13,1200,0.07388320365048916,14447.42202305237,Sur,Online,1,5.0,18,364,442.74230296603685,0,1
2025-11-02,1116,Estándar,Producto B,2,250,0.02341629733310235,488.29185133344885,Norte,Online,1,3.9388115622209785,26,127,147.8419331239493,0,1
2025-11-03,1880,Estándar,Producto E,17,1200,0.04804338375800113,19419.914971336777,Norte,Teléfono,0,2.892058329085004,18,305,70.50078785622429,1,1
2025-11-03,1608,Estándar,Producto C,17,450,0.06792567920261214,7130.368554100018,Este,Online,0,4.02116814441486,15,311,1865.4473084395388,1,1
2025-11-04,1024,Económico,Producto E,18,1200,0.006491350697482799,21459.786824934374,Este,Online,0,2.873896030680285,2,276,814.9207309709168,2,0
2025-11-04,1638,Estándar,Producto E,12,1200,0.04487318643255016,13753.826115371277,Este,Tienda,0,3.4619522415098616,12,86,1598.655573368508,0,1
2025-11-05,1274,Económico,Producto B,10,250,0.000618508355649985,2498.453729110875,Sur,Tienda,0,2.568853116818062,38,245,1099.5291986435268,0,0
2025-11-06,1547,Premium,Producto D,6,750,0.13964827895067453,3871.5827447219644,Norte,Tienda,0,4.701740512685092,11,209,773.3987395547297,2,0
2025-11-06,1278,Estándar,Producto D,9,750,0.048303606506805145,6423.950656079065,Norte,Tienda,0,5.0,44,75,1425.7055481125776,0,0
2025-11-07,1108,Estándar,Producto C,7,450,0.0,3150.0,Sur,Online,0,4.591415509286386,38,81,1742.5602721252606,1,0
2025-11-09,1765,Estándar,Producto D,18,750,0.04214956590142403,12930.980860330776,Norte,Teléfono,1,3.39086523078619,34,81,532.8817039893055,1,1
2025-11-10,1166,Económico,Producto A,12,100,0.0,1200.0,Este,Online,0,2.6495545157637834,37,310,146.12426089061205,0,0
2025-11-10,1134,Estándar,Producto D,10,750,0.029868191671804586,7275.988562461466,Sur,Tienda,0,3.4136393140287065,1,73,1068.8687773366476,1,0
2025-11-11,1195,Estándar,Producto A,19,100,0.03441814521246599,1834.6055240963146,Este,Online,0,4.203235954586031,44,313,592.6219385966008,1,1
2025-11-12,1782,Premium,Producto B,5,250,0.12031886670151329,1099.6014166231084,Sur,Tienda,0,4.791531789459592,11,92,728.2535774944396,2,0
2025-11-12,1375,Económico,Producto B,7,250,0.0,1750.0,Este,Online,0,3.934033759972336,26,204,765.0238154208138,1,1
2025-11-13,1151,Económico,Producto C,4,450,0.0,1800.0,Oeste,Online,1,2.1071704026819207,45,333,74.56298247998457,1,0
2025-11-14,1419,Estándar,Producto C,17,450,0.015576483494205519,7530.839901269328,Este,Teléfono,0,3.0838584834186564,42,322,623.1376829846208,1,1
2025-11-14,1727,Económico,Producto E,9,1200,0.0032176876598353807,10765.248973273778,Norte,Teléfono,1,2.077407333172472,39,335,1160.1309715628506,2,0
2025-11-14,1887,Estándar,Producto C,7,450,0.05368265546045089,2980.8996352995796,Oeste,Tienda,1,2.7202020138805296,10,236,1009.4033723925613,1,1
2025-11-15,1808,Premium,Producto D,2,750,0.14501856310693917,1282.4721553395912,Este,Online,0,3.327106098688426,5,90,1261.1573335748958,1,1
2025-11-16,1213,Estándar,Producto D,17,750,0.055532015310223615,12041.966804794647,Oeste,Online,0,5.0,4,273,1295.977892847905,0,0
2025-11-17,1477,Estándar,Producto B,15,250,0.05806873725742582,3532.2422352846534,Sur,Online,1,3.2282887798194597,37,162,1002.6578095585014,1,1
2025-11-18,1908,Estándar,Producto C,5,450,0.06777546234022302,2097.5052097344983,Norte,Tienda,0,4.361199743751398,29,313,1261.9615118663946,1,1
2025-11-19,1518,Premium,Producto E,6,1200,0.17337687114805436,5951.686527734008,Norte,Tienda,0,4.587615605199668,30,146,1485.0447924292002,0,1
2025-11-19,1636,Premium,Producto D,3,750,0.1593715013990792,1891.4141218520717,Este,Online,0,5.0,26,20,845.3970778745163,1,1
2025-11-20,1065,Premium,Producto C,15,450,0.1766076337131612,5557.898472436162,Este,Tienda,0,5.0,0,280,1515.99944536615,2,0
2025-11-21,1050,Premium,Producto D,10,750,0.14791402977244547,6390.644776706658,Oeste,Tienda,0,4.365268109733394,49,75,826.0226754424765,0,0
2025-11-21,1494,Económico,Producto A,3,100,0.0,300.0,Norte,Tienda,0,2.6649005212007655,43,25,665.5535382699287,1,0
2025-11-21,1122,Premium,Producto E,3,1200,0.11437683171068733,3188.2434058415256,Norte,Teléfono,0,2.769531980875541,25,185,1166.8830392624193,1,1
2025-11-22,1216,Económico,Producto A,7,100,0.0,700.0,Norte,Tienda,0,4.178948399236668,29,153,1518.5817520003645,1,1
2025-11-22,1803,Premium,Producto E,7,1200,0.17299344037757494,6946.85510082837,Oeste,Tienda,0,5.0,30,13,1996.7215753133655,0,0
2025-11-23,1248,Estándar,Producto E,19,1200,0.06412516073820605,21337.946335168905,Oeste,Tienda,0,3.4999485490254476,6,41,737.3380415395347,2,1
2025-11-23,1813,Estándar,Producto A,1,100,0.05049736968032594,94.95026303196741,Norte,Online,0,3.1812358927889792,5,52,1573.851073071683,1,1
2025-11-24,1598,Económico,Producto E,7,1200,0.0,8400.0,Norte,Online,0,3.2209168081438935,44,104,374.6819167465544,1,0
2025-11-25,1330,Estándar,Producto D,13,750,0.05841399262036958,9180.463571951397,Oeste,Online,1,3.422079223167289,16,242,504.1143349960393,2,0
2025-11-27,1993,Estándar,Producto B,19,250,0.01669381842644726,4670.704362474376,Norte,Teléfono,1,3.708478689082504,14,1,1818.6217609545752,2,1
2025-11-27,1643,Estándar,Producto E,4,1200,0.051857448036470244,4551.084249424943,Oeste,Online,0,2.6225425929746264,35,216,1053.829258119612,2,0
2025-12-02,1324,Premium,Producto C,13,450,0.1402458925410251,5029.561528635004,Norte,Online,0,5.0,35,299,1276.0313293669863,2,0
2025-12-04,1821,Premium,Producto A,16,100,0.12704128363581244,1396.7339461827,Este,Teléfono,0,5.0,47,237,960.6848397173964,0,0
2025-12-04,1953,Estándar,Producto C,2,450,0.054333662379285726,851.0997038586429,Norte,Tienda,0,3.696649932522866,28,269,903.6418572268504,2,0
2025-12-04,1336,Premium,Producto B,11,250,0.15264372939029772,2330.2297441766814,Norte,Tienda,0,4.885282875875421,17,8,579.2901853383038,0,0
2025-12-06,1113,Económico,Producto B,15,250,0.028997070395466992,3641.260986016999,Norte,Online,0,1.5738776312388238,10,269,1960.6168939928293,1,1
2025-12-06,1873,Premium,Producto E,10,1200,0.14511438120446932,10258.627425546369,Sur,Online,0,5.0,12,195,856.7267622245593,0,1
2025-12-06,1051,Económico,Producto D,2,750,0.0,1500.0,Este,Online,1,3.3195926497950046,32,125,1067.380166763829,1,1
2025-12-07,1028,Económico,Producto A,9,100,0.0,900.0,Norte,Teléfono,1,4.820543907941816,22,129,186.63395665631944,0,1
2025-12-08,1575,Económico,Producto B,18,250,0.0,4500.0,Sur,Tienda,0,1.06569324255573,42,161,1292.7392052491466,2,0
2025-12-08,1453,Estándar,Producto C,13,450,0.051959265289522535,5546.038298056294,Oeste,Online,0,3.661961959090054,48,297,1636.537186066344,1,0
2025-12-08,1870,Económico,Producto B,4,250,0.0,1000.0,Sur,Online,1,3.4892545350763275,29,263,1769.8523325241845,2,0
2025-12-09,1114,Económico,Producto A,19,100,0.028838900116037798,1845.2060897795282,Oeste,Tienda,0,2.4876257593233064,31,25,898.8208121658865,2,1
2025-12-10,1945,Premium,Producto D,9,750,0.12689821819121352,5893.437027209309,Oeste,Online,0,4.58009699713241,4,176,860.4741749568526,1,0
2025-12-10,1268,Premium,Producto C,1,450,0.12106135860394283,395.5223886282257,Sur,Teléfono,0,4.940801425591397,32,153,910.9326503982911,0,1
2025-12-11,1897,Económico,Producto B,6,250,0.015885133563241404,1476.172299655138,Norte,Online,1,4.466824416404768,5,149,953.2389008023949,1,0
2025-12-11,1651,Estándar,Producto C,16,450,0.03400740351665922,6955.146694680054,Norte,Online,1,3.7522861574970463,8,78,963.186153339951,0,0
2025-12-12,1225,Económico,Producto B,3,250,0.0,750.0,Oeste,Teléfono,1,3.0355660740329937,48,322,888.197105999153,0,1
2025-12-12,1459,Estándar,Producto C,4,450,0.06385538063697721,1685.060314853441,Este,Online,1,5.0,40,129,98.10641135394994,2,1
2025-12-12,1355,Económico,Producto B,14,250,0.007957040155386386,3472.1503594561477,Este,Online,1,4.016629674886309,42,207,1764.8164607740312,2,1
2025-12-12,1663,Premium,Producto C,8,450,0.1461825556089364,3073.7427998078288,Sur,Tienda,1,4.8018043236202805,2,345,1803.0967661664936,1,0
2025-12-12,1148,Económico,Producto E,10,1200,0.0012770633005644535,11984.675240393226,Oeste,Online,0,1.8616186114442521,39,243,470.4390422239373,2,1
2025-12-14,1961,Estándar,Producto E,9,1200,0.010458580521792882,10687.047330364636,Este,Tienda,0,5.0,36,114,1922.715210513154,2,0
2025-12-15,1342,Estándar,Producto A,3,100,0.052444795036969916,284.266561488909,Sur,Online,0,3.4457704568523395,28,19,1022.9874912305464,1,1
2025-12-15,1536,Estándar,Producto B,6,250,0.06965313814544682,1395.5202927818298,Norte,Online,0,3.456527241170465,11,47,356.54757293606076,2,0
2025-12-15,1331,Económico,Producto B,7,250,0.015366679845806292,1723.108310269839,Este,Tienda,0,2.375601719746421,4,103,1519.2774306206372,1,1
2025-12-15,1507,Económico,Producto D,12,750,0.0,9000.0,Oeste,Online,0,3.080250989711774,49,76,1923.6173633063675,1,0
2025-12-15,1803,Premium,Producto E,16,1200,0.16343889215628996,16061.973270599234,Norte,Online,0,5.0,4,59,613.8166009165839,2,1
2025-12-16,1473,Económico,Producto E,14,1200,0.0,16800.0,Norte,Teléfono,0,3.1485862290830604,16,185,1094.5934923892582,1,0
2025-12-17,1692,Estándar,Producto E,18,1200,0.07417364021670605,19997.84937131915,Este,Tienda,0,3.9662352186023457,31,188,1465.819585821825,2,0
2025-12-18,1325,Económico,Producto E,2,1200,0.0,2400.0,Sur,Tienda,1,2.6904992379962054,15,217,382.54919535154045,1,0
2025-12-18,1880,Premium,Producto C,16,450,0.10899285085431598,6415.251473848925,Norte,Tienda,0,5.0,47,272,409.6486216393166,1,1
2025-12-20,1282,Económico,Producto B,9,250,0.028546107285784328,2185.7712586069856,Norte,Tienda,0,2.5805652473414495,44,225,1187.6811195309776,0,1
2025-12-21,1120,Premium,Producto B,10,250,0.15287587501905353,2117.8103124523664,Oeste,Online,0,3.2595822087630077,44,190,1954.15483923838,0,0
2025-12-21,1287,Premium,Producto B,5,250,0.170131914305554,1037.3351071180575,Oeste,Online,0,5.0,21,52,264.6438323530615,2,0
2025-12-23,1778,Económico,Producto D,19,750,0.0,14250.0,Norte,Online,0,2.2412347420646253,42,363,85.15656746987887,2,1
2025-12-25,1387,Estándar,Producto C,19,450,0.006435773605371398,8494.974135674074,Este,Tienda,1,3.470533036492992,17,49,103.56759690032047,1,0
2025-12-25,1904,Económico,Producto D,12,750,0.010922567063871022,8901.696896425161,Oeste,Online,1,2.2065035416646888,20,170,1991.4571662642782,1,0
2025-12-26,1699,Económico,Producto B,13,250,0.0,3250.0,Este,Online,1,2.761237280111752,32,242,594.711996289291,0,0
2025-12-26,1094,Estándar,Producto C,12,450,0.04093784821249824,5178.93561965251,Sur,Tienda,0,3.50660925029011,31,134,264.77745169198454,1,1
2025-12-26,1157,Económico,Producto C,6,450,0.0,2700.0,Oeste,Tienda,0,2.7656298768051304,46,202,1295.4116404347903,0,1
2025-12-26,1555,Premium,Producto C,8,450,0.1345645608521425,3115.567580932287,Sur,Tienda,0,5.0,28,41,554.1866640984795,1,1
2025-12-26,1465,Económico,Producto B,13,250,0.0,3250.0,Oeste,Tienda,0,3.800157962585735,29,327,764.7748153894911,2,1
2025-12-30,1440,Económico,Producto D,7,750,0.0,5250.0,Sur,Online,0,2.7254877004510756,41,363,810.9651716887904,2,1
2025-12-31,1667,Premium,Producto D,15,750,0.17125314581575052,9323.402109572808,Oeste,Online,0,4.624366334234464,22,262,1348.3701139211319,2,1
2025-12-31,1289,Estándar,Producto B,9,250,0.061747833996120244,2111.0673735087294,Oeste,Online,1,5.0,13,107,1135.83545464597,2,0
