edad,ingresos,compras_12m,visitas_web,reclamaciones,antiguedad_meses,ticket_medio,segmento,abandono
31,32000.0,7,9,1,47,98.67,Estandar,0
32,94450.0,12,13,1,7,68.97,Basico,0
39,10720.0,4,12,0,34,23.0,Basico,1
46,26470.0,7,13,0,11,66.77,Estandar,0
52,37060.0,7,17,1,38,24.99,Premium,0
32,28610.0,7,15,5,27,74.15,Premium,0
59,25420.0,6,12,0,19,58.67,Premium,0
38,14050.0,5,17,1,40,29.8,Basico,1
41,30220.0,10,16,0,19,69.97,Estandar,0
33,18430.0,8,10,1,62,88.71,Basico,1
18,9000.0,10,13,2,47,38.7,Premium,1
52,48890.0,9,13,0,28,87.3,Basico,0
50,43440.0,10,13,1,75,46.2,Basico,0
38,27610.0,9,12,0,63,92.26,Estandar,0
42,30170.0,9,16,0,27,51.54,Premium,0
48,46040.0,11,15,1,2,110.38,Premium,0
23,30100.0,10,17,0,30,31.56,Estandar,1
35,42280.0,7,12,0,15,32.11,Estandar,0
51,23180.0,9,5,0,27,34.03,Estandar,0
26,51840.0,9,18,0,37,58.91,Estandar,0
45,31580.0,2,11,1,37,49.83,Estandar,0
25,29640.0,11,19,0,40,64.84,Premium,0
47,14260.0,9,13,0,40,27.15,Estandar,0
41,31050.0,5,16,0,4,35.5,Estandar,0
22,17750.0,2,21,1,7,117.02,Estandar,0
55,19550.0,6,18,1,35,68.23,Basico,1
33,17900.0,6,16,1,18,79.37,Premium,1
32,15790.0,6,14,0,51,46.84,Estandar,0
44,77840.0,8,19,0,4,65.16,Estandar,1
55,52350.0,7,16,1,7,41.06,Premium,0
29,70280.0,7,10,0,29,17.99,Estandar,1
42,14600.0,6,9,1,25,101.62,Premium,0
47,27880.0,8,8,0,11,60.9,Premium,1
50,14090.0,9,14,1,18,35.19,Basico,1
44,19000.0,8,16,1,1,54.64,Basico,1
37,17000.0,7,6,0,1,41.28,Basico,1
32,50000.0,12,7,0,3,134.17,Estandar,0
43,22070.0,8,15,3,30,81.69,Premium,0
29,45900.0,6,18,1,71,27.42,Estandar,0
18,36390.0,9,14,1,10,25.28,Estandar,0
47,85120.0,7,14,0,1,63.45,Premium,0
52,12840.0,8,12,0,44,59.18,Estandar,0
18,50490.0,9,17,0,69,74.5,Premium,0
29,47730.0,7,12,1,5,50.1,Basico,0
49,16540.0,7,17,0,17,37.03,Estandar,0
66,44510.0,6,15,1,6,74.13,Estandar,0
42,31830.0,7,9,0,4,77.98,Estandar,0
33,24010.0,10,13,2,37,116.1,Estandar,0
39,17820.0,10,15,1,123,84.83,Estandar,1
58,18780.0,7,14,1,40,33.05,Premium,1
34,74970.0,10,18,0,150,63.68,Basico,0
32,26910.0,6,16,1,20,45.99,Basico,0
36,39780.0,8,14,2,82,30.97,Basico,0
30,18120.0,7,17,0,8,18.67,Basico,0
43,18220.0,7,14,0,4,210.32,Estandar,0
61,46210.0,8,16,3,43,39.04,Basico,0
45,13700.0,9,17,0,16,50.62,Premium,1
38,21860.0,9,17,0,13,62.3,Premium,1
38,27360.0,10,11,0,40,58.38,Premium,0
23,28440.0,7,13,0,14,12.03,Estandar,0
52,24600.0,4,17,0,30,49.43,Estandar,0
41,32790.0,6,15,1,12,158.02,Estandar,0
39,38040.0,7,17,0,55,48.08,Basico,0
80,38840.0,6,14,1,13,145.63,Estandar,1
45,16430.0,10,19,1,27,55.64,Estandar,1
32,23340.0,7,16,3,1,44.23,Estandar,1
36,48890.0,15,14,0,56,59.54,Premium,0
55,42080.0,5,21,0,34,55.84,Basico,1
43,13540.0,5,22,1,7,55.1,Premium,0
24,32070.0,6,5,1,8,38.5,Basico,1
53,10010.0,8,13,2,10,24.09,Basico,0
33,27540.0,13,14,2,30,76.46,Premium,0
64,69490.0,8,15,0,28,57.8,Premium,0
54,16750.0,6,18,1,11,148.21,Basico,0
36,17730.0,13,11,1,42,53.52,Basico,1
57,39420.0,5,13,0,79,22.01,Basico,0
42,12440.0,7,15,0,1,66.25,,1
52,19610.0,6,13,0,19,57.14,Premium,0
47,36250.0,6,27,0,32,42.16,Estandar,0
31,19590.0,7,19,0,31,79.13,Premium,0
34,23910.0,8,18,3,1,73.59,Basico,1
54,39030.0,6,14,0,8,26.63,Estandar,0
37,33220.0,9,12,2,2,41.24,Estandar,0
37,30740.0,7,18,1,30,105.28,Premium,1
30,22710.0,6,14,1,37,30.33,Estandar,0
47,32370.0,6,9,0,6,49.23,Estandar,0
66,25290.0,6,18,0,14,62.57,Basico,0
29,33820.0,5,10,0,14,27.32,Estandar,1
42,20980.0,7,20,2,61,51.47,Basico,1
58,24560.0,4,14,0,7,50.46,Estandar,0
41,16400.0,12,9,0,28,44.97,Premium,0
47,26440.0,6,13,1,54,21.79,Basico,1
29,17930.0,10,12,3,63,54.59,Basico,0
47,15410.0,4,9,1,39,37.67,Estandar,0
39,30620.0,8,15,2,12,103.49,Basico,1
53,29920.0,2,14,3,62,70.06,Estandar,1
56,39790.0,6,14,0,48,34.25,Estandar,0
73,21690.0,9,20,0,43,43.07,Estandar,1
48,32990.0,6,8,1,2,58.85,Premium,0
45,35430.0,10,17,0,1,43.02,Premium,1
44,33600.0,6,19,0,42,22.0,Premium,0
37,17800.0,8,17,1,104,65.07,Estandar,0
46,28990.0,3,25,0,53,74.87,Estandar,1
38,32280.0,5,16,0,64,85.16,Estandar,1
44,27000.0,11,18,2,28,95.89,Basico,1
57,9480.0,9,14,0,13,33.21,Estandar,0
29,29150.0,7,16,2,40,87.43,Estandar,0
55,81330.0,8,11,2,44,27.52,Basico,0
57,22470.0,4,24,0,40,67.65,Estandar,0
40,18690.0,12,14,2,105,35.69,Premium,0
18,32420.0,11,15,3,16,70.17,Estandar,0
34,31450.0,6,11,0,1,22.09,Premium,0
57,48840.0,9,20,1,86,75.61,Basico,1
41,14340.0,14,10,0,6,34.06,Basico,1
30,38780.0,8,11,2,43,72.95,Estandar,1
35,36140.0,8,14,1,74,68.28,Basico,0
52,25060.0,6,16,0,13,68.8,Basico,1
48,31870.0,8,17,2,63,56.18,Premium,0
39,45010.0,6,15,0,14,27.1,Basico,1
37,,11,17,0,56,133.51,Estandar,0
37,15190.0,5,17,2,2,50.5,Basico,0
30,40540.0,12,10,0,38,50.43,Basico,1
61,26050.0,9,18,1,40,125.32,Estandar,1
38,27900.0,11,12,1,24,32.03,Premium,1
56,27910.0,6,14,1,41,53.06,Estandar,1
60,24960.0,9,18,0,92,60.45,Estandar,0
53,48820.0,9,18,0,47,47.51,Basico,1
36,25800.0,9,13,2,117,,Basico,1
46,15370.0,9,13,1,21,38.52,Premium,0
41,22100.0,7,12,0,27,52.41,Estandar,0
31,29420.0,5,13,1,11,59.07,Estandar,0
45,49740.0,2,16,1,152,123.99,Estandar,0
27,36370.0,9,11,0,2,147.48,Premium,0
56,17580.0,6,12,0,15,60.44,Estandar,1
36,93210.0,7,10,2,12,112.12,Basico,1
44,30710.0,4,9,0,17,35.34,Estandar,0
45,50900.0,9,9,0,89,210.77,Estandar,1
38,24940.0,8,21,1,16,47.14,Basico,0
49,35130.0,10,18,2,89,53.53,Estandar,0
36,40930.0,9,20,2,19,75.13,Basico,1
52,49470.0,9,12,2,69,91.06,Basico,0
25,45650.0,2,10,1,26,49.26,,0
43,41610.0,6,16,1,13,16.36,Estandar,1
65,22980.0,7,22,0,21,80.92,Estandar,0
29,,7,18,0,19,31.62,Estandar,0
33,31770.0,9,12,1,10,86.88,Premium,0
48,42900.0,6,15,1,12,85.75,Estandar,0
44,24070.0,6,12,0,7,61.29,Estandar,0
46,,10,9,1,14,93.93,Premium,0
47,55620.0,10,15,0,35,40.68,Estandar,1
49,17010.0,12,19,0,17,124.57,Basico,1
55,17700.0,8,15,2,44,60.21,Estandar,0
46,25080.0,5,11,2,156,48.85,Premium,0
39,31380.0,8,19,0,17,108.28,Estandar,0
50,20700.0,8,11,0,22,36.63,Basico,0
64,52900.0,8,14,1,6,15.44,Estandar,0
40,33260.0,14,8,0,17,25.83,Estandar,1
30,27440.0,2,14,0,46,129.16,Basico,1
55,13120.0,7,15,0,8,63.43,Estandar,0
40,13930.0,7,23,0,7,60.47,,1
18,30960.0,5,20,1,16,94.3,Estandar,0
52,9260.0,7,14,2,61,65.19,Estandar,0
35,44640.0,8,9,0,35,46.29,Estandar,0
40,24860.0,8,13,0,113,41.96,Estandar,1
45,136150.0,12,19,1,84,26.97,Premium,1
44,85300.0,4,11,1,5,28.78,Basico,0
50,24570.0,6,15,0,1,60.63,Estandar,0
36,25510.0,8,15,0,18,49.73,Premium,0
48,44260.0,9,17,0,26,73.17,Premium,0
38,63040.0,6,12,1,26,51.86,Estandar,0
50,11860.0,11,14,1,5,28.84,Estandar,0
49,11010.0,6,10,0,4,63.27,Premium,1
30,19710.0,9,13,2,1,,Estandar,0
55,,12,17,0,68,55.17,Estandar,0
35,34490.0,7,20,0,106,60.0,Estandar,1
51,45930.0,14,25,1,4,177.58,Premium,0
46,14770.0,6,12,3,8,26.71,Estandar,1
64,8450.0,9,17,1,3,30.74,Estandar,1
39,41320.0,8,16,0,75,19.67,Basico,0
37,17780.0,10,18,1,114,57.72,Premium,0
41,9810.0,9,19,1,10,17.09,Estandar,0
38,28930.0,5,14,2,13,62.46,Premium,0
51,40000.0,7,16,0,16,52.79,Basico,0
22,25310.0,10,14,1,25,38.69,Basico,1
29,21400.0,6,13,1,41,72.47,Estandar,0
29,24840.0,7,10,0,25,65.23,Estandar,0
53,22350.0,8,13,0,108,143.03,Basico,0
62,13710.0,6,11,0,3,78.87,Estandar,0
40,18820.0,5,13,0,57,52.57,Estandar,0
39,34910.0,7,6,1,14,13.89,Estandar,0
42,31600.0,4,16,0,17,95.37,Premium,0
55,29260.0,12,12,1,44,95.83,,1
30,16360.0,12,10,1,95,120.81,Basico,1
44,24570.0,9,15,2,45,13.84,Estandar,0
53,9060.0,7,13,0,53,61.75,Estandar,0
48,29410.0,5,12,1,50,81.05,Estandar,0
44,54960.0,5,17,0,13,112.27,Basico,0
54,12870.0,7,16,0,50,78.35,Basico,0
18,20070.0,6,10,2,55,56.62,Basico,1
50,31720.0,7,8,4,27,29.64,Basico,1
34,50330.0,9,16,2,27,50.89,Estandar,0
20,21500.0,8,9,1,51,68.94,Premium,0
48,19030.0,6,27,0,61,87.33,Premium,0
58,10050.0,9,21,0,14,21.08,Basico,1
40,28330.0,8,22,2,58,65.19,Estandar,0
53,74690.0,5,19,2,60,22.56,Premium,0
61,30910.0,9,20,0,9,64.04,Premium,0
57,26610.0,6,13,1,45,27.43,Estandar,0
61,31600.0,8,19,1,7,22.97,Premium,0
50,26750.0,6,13,0,3,161.79,Premium,0
42,17920.0,7,19,2,30,23.82,Estandar,0
22,40600.0,8,9,0,86,37.26,Estandar,0
39,30120.0,5,14,0,1,53.93,Estandar,0
31,27140.0,8,11,1,63,15.65,Estandar,0
68,16520.0,5,20,0,25,87.47,Basico,1
39,51620.0,9,19,3,71,35.86,Estandar,0
43,37510.0,11,17,0,66,,Estandar,0
48,20410.0,8,17,0,74,95.07,Basico,0
42,44400.0,6,11,0,52,24.5,Estandar,0
62,20980.0,11,19,1,66,71.42,Basico,0
34,18200.0,7,20,1,6,55.38,Estandar,0
44,18400.0,10,13,1,13,56.51,Estandar,0
33,11100.0,8,13,1,9,52.78,Premium,0
26,34060.0,9,18,1,48,58.98,Estandar,0
34,10770.0,7,11,1,6,13.93,Estandar,1
41,14560.0,7,19,0,7,32.31,Estandar,1
36,9530.0,12,15,1,76,,Basico,0
33,25770.0,3,15,2,44,106.11,Estandar,1
25,24960.0,6,16,0,74,60.05,Basico,1
41,22850.0,9,13,0,5,54.97,Estandar,1
23,,8,20,1,18,166.23,Basico,0
51,14970.0,8,17,1,11,16.2,Estandar,1
42,33930.0,7,18,1,1,127.57,Estandar,1
24,20430.0,9,12,0,12,54.99,Estandar,0
38,31510.0,11,17,0,17,34.71,Premium,0
32,17280.0,8,17,0,3,39.62,Basico,1
45,29450.0,7,11,0,30,40.49,Estandar,0
58,51620.0,8,13,0,17,134.3,Premium,0
19,36070.0,15,15,1,1,63.02,,0
43,21890.0,14,22,0,43,82.42,Premium,0
40,30600.0,10,14,0,47,34.98,Basico,0
50,23850.0,6,18,0,64,58.36,Basico,0
44,27010.0,13,17,0,23,94.21,Basico,1
32,22860.0,4,20,0,124,107.31,Estandar,1
38,24780.0,4,23,1,88,24.44,Premium,0
32,29910.0,7,15,1,28,88.69,Basico,0
54,16370.0,10,16,4,21,50.02,Estandar,0
42,16190.0,13,27,0,1,67.98,Basico,1
64,13440.0,6,12,0,44,39.77,Basico,0
41,12090.0,10,15,0,29,136.39,Basico,1
33,14640.0,5,14,0,99,,Estandar,0
23,29140.0,11,15,1,32,38.37,Estandar,0
20,17220.0,6,21,0,177,40.72,Basico,0
22,34780.0,8,14,0,69,91.44,Estandar,0
45,27370.0,4,21,2,110,84.18,Premium,0
48,10050.0,8,12,0,14,57.3,Estandar,0
23,37330.0,9,11,0,5,43.29,Basico,0
52,40350.0,11,12,1,57,96.84,Estandar,1
36,16370.0,8,18,1,55,39.82,Estandar,0
43,33190.0,8,18,0,8,38.63,Premium,0
61,17530.0,9,15,3,52,248.55,Estandar,1
52,28250.0,13,16,1,31,68.53,Basico,0
38,14300.0,10,17,0,4,51.97,Premium,1
31,,9,14,0,25,41.82,Estandar,1
18,22220.0,8,12,1,96,48.13,Basico,0
33,25290.0,7,10,0,25,115.44,Basico,0
39,22050.0,12,15,1,55,89.76,Estandar,0
30,14880.0,2,14,0,1,36.99,Basico,1
40,22030.0,6,5,3,46,44.79,Estandar,1
42,30780.0,6,13,0,105,24.8,Estandar,0
39,26310.0,6,20,2,24,63.94,Basico,0
34,29470.0,13,17,1,14,5.05,,1
44,19240.0,6,15,0,37,21.66,Basico,1
47,48330.0,6,17,1,89,57.71,Basico,1
28,14940.0,9,11,1,7,11.31,Estandar,1
58,34330.0,8,16,1,18,214.97,Estandar,1
40,48580.0,14,14,0,6,32.07,Basico,1
42,34220.0,6,12,0,24,,Estandar,0
50,24310.0,4,17,2,27,116.82,Basico,1
44,20660.0,9,13,0,103,64.14,Basico,0
53,45160.0,7,11,0,19,54.43,Basico,1
45,13210.0,8,10,2,30,38.84,Estandar,0
34,16560.0,8,18,1,77,24.76,Estandar,1
46,22050.0,10,12,0,13,41.04,Premium,0
28,49950.0,6,15,1,40,58.08,Estandar,1
43,32530.0,4,14,0,50,53.75,Premium,0
41,16580.0,10,7,1,14,30.79,Estandar,0
39,23040.0,10,18,2,6,103.34,Estandar,0
40,19790.0,5,11,0,25,23.14,Estandar,0
19,,7,13,0,15,78.02,Estandar,1
35,43890.0,8,13,1,11,90.96,Premium,1
43,13550.0,4,14,1,130,62.98,Premium,0
43,60140.0,7,8,0,25,148.17,Basico,0
29,40710.0,12,14,2,69,69.64,Estandar,0
57,46420.0,8,12,0,7,124.87,Premium,0
31,21340.0,6,14,1,100,11.02,Estandar,0
53,24960.0,5,12,0,56,95.85,Basico,1
47,13140.0,8,20,0,59,77.59,Estandar,1
34,20700.0,9,14,1,17,75.26,Estandar,0
63,34430.0,4,9,2,23,79.07,Premium,0
27,,9,18,2,32,40.91,Premium,0
53,15470.0,6,7,1,56,86.08,Estandar,0
54,22410.0,11,15,1,68,158.99,Estandar,0
33,24940.0,9,14,2,2,17.7,Estandar,0
58,13390.0,8,14,0,84,111.49,,0
38,36160.0,8,10,0,99,50.54,Basico,1
45,18730.0,7,17,1,32,36.75,Estandar,0
45,24400.0,7,15,1,7,26.41,Estandar,1
40,21460.0,7,15,0,61,68.57,Basico,0
51,18130.0,7,16,1,28,141.11,Estandar,1
51,26810.0,12,10,0,61,43.23,Estandar,1
21,,11,12,2,60,81.45,Premium,0
57,22340.0,7,13,0,3,54.26,Premium,0
22,18690.0,4,16,1,33,20.37,Basico,0
54,31560.0,14,15,0,23,49.03,Basico,0
55,61500.0,10,15,1,105,36.64,Estandar,0
28,28850.0,11,11,0,12,29.72,Estandar,0
37,44270.0,5,13,1,8,42.17,Premium,1
28,13430.0,13,13,1,81,45.1,Premium,0
39,29110.0,8,12,1,5,99.88,Estandar,0
38,15540.0,5,14,0,41,55.38,Estandar,0
51,12860.0,7,15,2,12,23.5,Basico,1
57,18590.0,8,12,1,30,112.61,Estandar,0
58,48820.0,10,16,2,34,68.79,Estandar,0
35,43260.0,5,12,0,19,64.62,Basico,1
39,30380.0,5,8,1,132,92.21,Basico,0
21,12500.0,4,14,0,5,53.89,Estandar,0
32,24390.0,5,24,1,17,39.57,Estandar,0
53,31280.0,12,16,1,20,67.22,Estandar,0
61,29370.0,2,9,2,35,79.34,Estandar,0
27,10700.0,7,18,0,18,68.64,Estandar,1
34,17240.0,9,14,1,3,88.82,Basico,0
41,26050.0,9,18,2,106,57.99,Premium,0
45,35180.0,7,19,0,19,30.04,Premium,0
32,8970.0,10,13,0,15,37.43,Premium,0
47,24810.0,8,15,1,21,124.41,Premium,0
36,28900.0,10,14,1,8,55.68,Basico,1
41,41140.0,10,13,0,3,27.76,Basico,1
48,38040.0,3,15,0,5,26.23,Estandar,0
42,36000.0,4,15,2,6,24.45,Premium,0
36,18030.0,7,16,3,7,89.51,Estandar,0
40,10360.0,7,14,1,19,65.75,Estandar,1
40,22100.0,8,8,2,35,165.15,Premium,0
37,44390.0,4,10,0,35,77.14,Estandar,0
38,54000.0,9,11,1,1,79.98,Estandar,1
61,38380.0,13,17,1,91,180.17,Estandar,0
48,33350.0,8,16,1,62,30.53,Estandar,0
38,32530.0,9,11,1,119,22.19,Premium,0
50,20370.0,10,12,0,16,76.08,Estandar,0
37,25210.0,5,16,0,39,47.16,Estandar,1
56,61980.0,6,13,1,6,65.27,Estandar,0
46,16790.0,5,19,1,61,113.85,Basico,0
40,60320.0,10,10,1,6,86.22,Estandar,0
47,,7,17,1,14,135.63,Premium,0
23,52190.0,9,18,1,24,31.66,Premium,1
28,13310.0,11,14,0,32,93.54,Estandar,0
27,36060.0,7,12,0,29,34.35,Premium,0
43,18610.0,8,12,0,3,148.62,Estandar,0
62,13260.0,9,13,0,19,71.44,Basico,1
68,30010.0,9,11,0,92,74.0,Estandar,0
49,44570.0,5,11,0,74,38.51,Estandar,0
48,17630.0,10,18,1,32,39.69,Estandar,1
20,12710.0,8,15,0,30,69.63,Estandar,0
35,25700.0,11,17,0,4,155.86,Estandar,0
32,25750.0,8,13,1,8,141.09,Basico,1
34,35390.0,5,22,2,10,67.7,Estandar,0
39,43250.0,9,14,0,24,42.4,Basico,0
36,26120.0,9,8,1,47,77.0,Basico,1
18,68030.0,9,11,2,22,115.89,Premium,0
50,30100.0,5,14,2,4,62.0,Premium,1
29,22620.0,10,17,0,20,43.28,Premium,0
44,12020.0,10,16,2,6,82.06,Premium,0
66,23590.0,9,17,1,50,47.28,Premium,1
30,22740.0,8,18,2,6,44.12,Estandar,0
18,43480.0,8,18,1,23,52.79,Premium,0
38,33900.0,10,16,2,42,81.45,Estandar,0
55,14920.0,10,19,0,9,47.77,Basico,1
65,29320.0,3,17,2,2,53.39,Premium,0
27,37640.0,14,16,3,29,59.51,Basico,1
47,57760.0,11,22,0,2,43.42,Estandar,0
36,41930.0,8,12,1,31,138.34,Premium,1
40,39360.0,8,18,1,50,164.97,Estandar,1
73,27720.0,8,17,1,14,45.53,Estandar,0
23,32670.0,9,16,1,24,33.83,Basico,1
45,50250.0,12,11,0,95,41.33,Basico,1
47,13820.0,13,19,1,22,71.34,Basico,1
55,22590.0,11,13,0,204,51.85,Estandar,0
43,18280.0,7,19,2,6,25.35,Premium,0
45,32520.0,7,13,1,44,49.73,Basico,1
37,49770.0,5,15,3,38,69.7,Basico,0
45,,6,18,2,74,98.57,Basico,0
37,8140.0,3,17,1,3,156.67,Estandar,0
49,21890.0,9,12,0,11,41.73,Estandar,0
37,42480.0,13,21,0,5,37.56,Basico,1
46,35200.0,7,17,1,97,46.98,Estandar,0
41,33330.0,7,19,1,20,30.96,Basico,0
55,23390.0,11,12,0,86,35.87,Basico,1
41,14190.0,6,9,1,12,36.0,Estandar,1
20,34810.0,9,19,2,4,66.43,Basico,1
57,17730.0,13,11,1,12,33.12,Basico,0
31,80180.0,11,16,0,32,89.55,Premium,0
34,35780.0,11,13,0,67,108.8,Basico,1
34,20120.0,8,16,0,17,27.78,Estandar,0
58,19820.0,12,12,1,88,24.95,Basico,0
18,25680.0,12,8,1,10,39.58,Estandar,0
79,,15,13,1,42,42.91,Basico,1
54,47020.0,4,15,0,47,116.7,Estandar,0
44,29530.0,6,18,1,11,52.97,Premium,0
41,18660.0,5,22,3,1,70.23,Basico,1
45,69230.0,8,15,0,16,70.16,Premium,0
48,27570.0,10,13,0,1,32.19,Estandar,1
49,39510.0,7,12,1,83,46.97,Basico,0
48,19850.0,7,18,0,110,54.18,Basico,0
43,32260.0,3,17,0,47,68.48,Estandar,0
39,31430.0,10,16,0,46,23.09,Estandar,0
40,10460.0,9,16,1,9,38.22,Estandar,1
39,73690.0,8,17,0,2,54.98,Estandar,1
55,51290.0,9,14,0,58,41.94,Estandar,0
49,22060.0,7,10,2,29,23.54,Estandar,0
18,15500.0,7,12,1,41,35.39,Basico,0
49,32010.0,10,9,3,54,23.68,Basico,1
44,28100.0,6,16,0,18,,Basico,1
41,32140.0,6,11,0,5,45.07,Premium,0
37,29610.0,8,13,0,57,52.49,Estandar,1
55,34650.0,11,20,0,21,30.35,Premium,0
53,55470.0,8,13,0,63,62.7,Estandar,0
32,35740.0,11,11,0,20,82.85,Estandar,1
46,15920.0,8,15,1,8,31.51,Basico,1
30,53170.0,10,12,5,6,31.94,Estandar,0
25,61100.0,6,15,0,49,40.55,Premium,1
34,130100.0,8,20,2,30,23.57,Premium,0
52,15340.0,7,16,0,18,68.59,Basico,1
53,30380.0,7,14,1,24,86.09,Estandar,1
48,9500.0,3,21,1,28,23.11,Premium,0
50,35470.0,11,12,1,9,92.63,Premium,0
48,20450.0,7,22,1,17,92.67,Basico,0
34,70380.0,6,16,1,12,9.93,Premium,1
47,18260.0,11,14,0,17,28.16,Basico,0
51,11560.0,2,23,0,24,37.94,Basico,1
51,21260.0,7,10,0,6,76.79,Premium,0
56,10020.0,9,13,1,18,71.01,Premium,0
50,39170.0,8,14,0,17,31.34,Basico,1
46,9580.0,12,18,0,12,144.71,Estandar,0
54,27290.0,6,13,1,233,35.87,Estandar,0
41,9520.0,13,20,0,2,33.08,Basico,1
31,22920.0,11,13,3,37,27.21,Basico,1
40,61190.0,12,8,0,6,49.05,Basico,1
33,32220.0,4,14,3,65,93.93,Basico,1
33,17470.0,14,11,1,88,31.79,Estandar,0
40,26490.0,4,30,1,18,61.87,Premium,0
32,27150.0,12,11,0,62,61.68,Basico,0
38,34070.0,5,15,1,10,53.58,Estandar,1
19,13580.0,6,11,2,5,66.24,Estandar,0
44,36180.0,12,14,0,13,94.03,Basico,1
42,6960.0,9,25,2,15,64.31,Premium,0
32,19630.0,10,14,1,18,102.32,Estandar,0
49,21080.0,9,17,0,16,28.22,Premium,0
53,36930.0,8,13,1,19,41.87,Estandar,0
22,27210.0,11,17,0,44,28.24,Premium,0
32,13320.0,7,15,0,10,75.85,Premium,0
32,16440.0,10,15,1,1,113.65,Premium,0
30,29710.0,7,15,0,24,45.34,Estandar,0
51,25860.0,16,17,1,21,64.65,Basico,0
39,,7,16,1,2,22.27,Estandar,0
38,21150.0,12,16,1,5,55.31,Basico,1
18,38100.0,5,14,1,25,20.01,Estandar,0
49,20770.0,7,9,3,9,56.62,Estandar,0
27,25740.0,11,14,1,75,17.22,Basico,0
42,79620.0,8,12,1,6,150.91,Estandar,0
45,13200.0,11,12,0,1,52.96,Basico,0
58,10660.0,6,19,0,21,51.73,Premium,0
26,39810.0,9,14,1,154,171.57,Basico,0
18,19160.0,7,9,0,36,56.81,Premium,0
44,22950.0,5,14,2,15,20.79,Basico,0
63,18200.0,8,12,1,1,,Estandar,0
56,23630.0,4,20,1,23,175.41,Basico,0
44,59830.0,4,19,1,8,31.91,Premium,0
36,40180.0,4,16,2,37,41.92,Estandar,0
51,41400.0,12,21,0,31,138.11,Basico,0
30,13250.0,6,13,0,11,34.38,Estandar,0
47,15130.0,9,17,0,2,51.56,Estandar,0
48,6510.0,8,10,2,50,122.77,Estandar,0
54,17950.0,4,14,1,31,38.7,Estandar,1
75,43410.0,10,22,1,66,33.81,Estandar,0
46,34840.0,13,18,1,10,18.07,Estandar,0
35,24080.0,7,9,0,38,28.17,Basico,1
41,26600.0,6,10,1,4,32.14,Premium,0
20,19060.0,11,15,4,12,43.91,Estandar,0
33,29800.0,6,12,2,38,67.65,Basico,0
37,39460.0,8,12,2,62,53.16,Basico,0
35,11990.0,6,20,0,13,26.08,,0
43,31250.0,13,13,1,57,123.5,Estandar,0
32,,7,18,1,40,28.18,Estandar,0
55,21860.0,5,15,0,15,161.13,Premium,1
42,38190.0,8,9,3,75,59.79,Estandar,1
41,109900.0,5,16,1,25,102.23,Estandar,1
38,25540.0,12,24,1,37,75.03,Estandar,0
43,32750.0,11,14,0,24,134.75,Premium,1
51,18600.0,11,15,1,21,53.2,Basico,1
31,29460.0,8,8,1,67,46.53,Basico,1
34,33860.0,5,20,3,12,65.55,Estandar,1
38,29660.0,9,14,2,1,46.29,Estandar,1
25,16160.0,12,14,0,76,71.68,Estandar,0
32,29830.0,14,14,2,62,138.36,Basico,0
36,55890.0,4,19,1,16,19.8,Estandar,0
52,33670.0,6,15,2,7,52.16,Premium,1
45,43520.0,11,13,0,40,204.46,Basico,0
44,23900.0,9,12,1,2,43.2,Basico,0
52,39140.0,10,10,1,19,100.31,Basico,1
40,30930.0,5,21,1,3,92.05,Basico,0
46,16720.0,4,16,0,32,23.04,Estandar,1
40,31550.0,5,10,0,1,65.24,Estandar,1
45,16390.0,8,10,1,35,62.29,Basico,0
35,19610.0,12,15,0,40,368.49,Basico,0
18,29570.0,6,14,2,24,11.3,Premium,0
40,31210.0,16,12,2,6,20.65,Premium,1
59,14840.0,5,18,0,3,47.6,Estandar,1
53,45570.0,7,21,1,13,44.05,Basico,0
53,35810.0,10,15,0,22,32.13,Basico,0
56,18910.0,7,22,2,37,33.39,Premium,0
43,12470.0,10,19,0,1,82.32,Estandar,1
44,25020.0,6,19,0,44,32.98,Estandar,0
34,21530.0,8,17,1,44,39.46,Basico,0
38,28470.0,10,20,2,21,99.31,Basico,1
49,22440.0,5,11,1,15,90.55,Basico,0
56,9860.0,6,16,0,66,41.0,Estandar,0
40,22160.0,10,14,1,55,22.66,Estandar,1
36,23090.0,3,19,3,147,92.53,Estandar,0
42,36930.0,1,15,0,16,31.07,Premium,0
49,18980.0,5,18,0,85,118.52,Basico,1
24,62280.0,14,21,2,3,70.22,Basico,0
18,10340.0,8,18,3,19,48.62,Basico,1
35,51820.0,7,18,2,22,71.03,Basico,1
27,24050.0,7,12,4,20,16.92,Estandar,1
35,41350.0,11,20,0,35,132.71,Basico,1
40,28000.0,8,17,0,6,48.16,Basico,1
36,47560.0,2,21,1,72,60.35,Basico,0
59,22170.0,14,21,0,28,38.63,Estandar,0
45,15530.0,9,18,1,84,49.28,Estandar,0
45,54730.0,5,15,0,1,142.42,Premium,0
49,25420.0,11,22,0,35,46.43,Basico,0
28,30050.0,7,22,0,19,42.5,Estandar,0
54,49880.0,6,19,0,25,82.26,Estandar,1
41,16060.0,9,16,0,49,65.78,Estandar,0
50,36230.0,9,12,0,9,138.69,Estandar,0
29,20030.0,7,18,0,8,16.29,Estandar,0
23,25180.0,5,15,0,43,41.42,Premium,0
51,27890.0,6,8,1,26,23.22,Estandar,0
46,12710.0,7,18,1,9,114.3,Estandar,0
31,18230.0,13,18,0,23,25.15,Basico,0
31,52870.0,7,19,0,22,66.54,Estandar,0
55,41900.0,8,19,1,42,24.92,Basico,0
27,26070.0,2,14,1,1,40.46,Estandar,1
61,30380.0,8,20,0,31,30.05,Estandar,0
31,23220.0,4,12,1,33,54.37,Basico,1
49,53010.0,10,16,0,49,184.35,Estandar,0
38,24340.0,11,17,0,79,23.21,Premium,0
49,,7,13,0,20,27.59,Premium,0
35,47720.0,11,15,0,15,78.12,Basico,0
40,18240.0,10,9,1,3,49.81,Estandar,1
42,58650.0,11,12,1,14,25.44,Basico,1
29,12520.0,12,17,1,2,41.16,Estandar,0
50,60770.0,7,17,2,58,22.02,Premium,0
35,22330.0,7,17,0,59,40.69,Premium,1
39,23830.0,8,20,0,19,30.47,Estandar,1
30,10460.0,10,16,0,10,65.8,Estandar,0
18,21430.0,11,14,0,4,80.31,Estandar,0
39,16000.0,10,21,1,68,11.11,Estandar,0
70,,9,15,1,75,58.22,Basico,1
51,25120.0,3,24,1,11,13.71,Estandar,1
41,43430.0,7,26,0,35,54.81,Estandar,0
38,29850.0,3,17,0,10,141.87,Basico,0
42,31380.0,10,18,0,9,44.3,Estandar,1
48,15560.0,7,9,2,1,63.66,Estandar,1
27,17320.0,6,12,2,30,84.98,Basico,0
55,66130.0,11,17,1,5,86.84,Basico,0
50,18630.0,7,15,0,1,90.08,Premium,0
50,61580.0,12,16,1,3,70.89,Basico,0
47,23820.0,4,20,1,13,34.74,Estandar,0
42,26930.0,8,11,2,39,80.37,Estandar,0
50,45940.0,8,8,3,8,133.48,Estandar,1
49,50810.0,4,7,1,78,73.04,Basico,1
37,25450.0,11,12,1,12,61.2,Estandar,0
35,22160.0,7,17,1,14,19.99,Estandar,1
43,26160.0,8,13,1,8,28.85,Estandar,0
60,31860.0,11,14,0,10,35.47,Estandar,0
27,42010.0,3,15,3,2,28.24,Premium,1
24,26960.0,10,11,0,12,49.47,Premium,0
43,36660.0,11,10,0,70,31.28,Premium,0
42,61030.0,3,14,0,41,91.81,Premium,0
44,32550.0,10,11,0,74,42.98,Premium,0
44,31440.0,9,19,0,3,27.96,Estandar,0
39,12590.0,8,14,0,21,31.39,Premium,0
59,,9,16,0,9,56.89,Estandar,0
22,32670.0,7,15,2,45,46.1,Basico,1
32,25660.0,6,16,0,126,55.98,Estandar,0
40,20800.0,10,14,0,60,47.09,Estandar,0
22,30390.0,12,17,0,1,153.05,Premium,0
39,26100.0,8,15,0,13,91.28,Premium,1
61,47280.0,9,15,1,1,32.59,Premium,0
42,28090.0,11,12,2,1,16.99,Premium,0
44,18520.0,9,14,0,2,43.99,Estandar,1
26,44140.0,6,13,2,11,27.6,Premium,1
34,24140.0,8,17,1,13,19.35,Premium,0
37,35010.0,6,16,0,18,80.08,Premium,0
38,21190.0,9,18,0,18,54.26,Estandar,0
57,,7,16,0,53,107.07,Estandar,1
48,28060.0,7,13,0,5,52.23,Estandar,1
28,27080.0,6,11,0,6,47.89,Estandar,1
44,34200.0,9,16,2,35,,Estandar,0
47,23520.0,13,13,0,30,37.5,Premium,1
55,10740.0,5,23,1,6,18.6,Basico,0
60,21670.0,2,10,2,68,101.84,Estandar,0
29,40010.0,5,15,0,14,24.78,Premium,0
32,23190.0,6,13,1,16,62.33,Basico,1
26,23780.0,9,16,0,19,47.09,Basico,0
39,44050.0,11,18,1,14,68.94,Premium,0
47,18850.0,9,16,0,29,55.74,Estandar,1
53,12440.0,5,13,1,17,24.69,Basico,0
41,24830.0,10,10,0,10,44.72,Basico,0
38,21120.0,5,17,1,84,116.75,Premium,0
43,16600.0,14,9,0,13,33.32,Estandar,1
31,24640.0,5,10,0,43,109.34,Estandar,0
67,34400.0,8,14,0,15,81.2,Estandar,1
22,26780.0,6,18,0,20,59.36,Estandar,0
44,31370.0,13,11,3,9,35.04,Estandar,1
66,66620.0,8,16,2,50,64.3,Estandar,1
42,22660.0,6,19,0,48,40.2,Basico,0
39,30920.0,7,19,0,1,105.93,Premium,1
37,20860.0,5,17,1,2,25.22,Estandar,0
39,17620.0,11,12,2,92,65.68,Basico,0
58,20080.0,11,12,1,79,55.55,Basico,1
18,21180.0,9,21,3,25,66.49,Estandar,0
60,32200.0,5,19,0,24,83.99,Estandar,0
24,87080.0,11,10,1,60,32.04,Premium,0
38,18810.0,6,14,0,5,32.03,Estandar,0
36,21840.0,10,18,0,38,62.13,Estandar,1
49,26070.0,4,10,0,23,97.4,Estandar,1
22,32790.0,7,18,1,48,47.02,Estandar,0
47,30690.0,11,12,0,1,129.38,Estandar,0
66,51130.0,10,22,0,32,45.61,Premium,0
25,8000.0,7,18,3,29,35.62,Estandar,0
44,8160.0,10,12,0,66,71.7,Estandar,0
34,21000.0,8,15,0,40,39.34,Estandar,0
47,46570.0,3,14,3,76,39.64,Premium,0
42,12300.0,7,11,1,78,63.82,Basico,0
34,5980.0,6,19,0,18,95.5,Estandar,1
47,35800.0,8,13,2,5,,Estandar,1
63,30390.0,9,18,1,35,58.26,Basico,1
39,15600.0,10,12,0,74,173.15,Estandar,0
50,16440.0,12,17,0,2,82.92,Premium,1
26,16570.0,10,16,2,29,44.56,Estandar,1
30,28430.0,7,14,2,4,105.81,Estandar,1
47,19670.0,7,16,1,1,47.29,Basico,0
59,34440.0,13,17,2,40,78.42,Estandar,0
46,6460.0,8,17,1,41,75.5,Premium,0
38,17530.0,13,10,0,33,54.69,Estandar,0
41,15320.0,5,16,0,70,35.36,Estandar,1
26,23670.0,7,17,2,3,53.7,Estandar,0
49,20560.0,9,12,1,4,41.08,Estandar,0
52,40090.0,3,15,0,71,63.94,Estandar,0
36,10620.0,11,14,0,25,70.35,Basico,0
36,27520.0,5,14,1,11,16.74,Estandar,1
45,35570.0,6,4,1,48,66.86,Estandar,0
36,,8,13,0,80,315.82,Premium,0
41,21140.0,4,18,1,42,45.15,Premium,0
67,31640.0,5,12,1,56,98.83,Estandar,0
39,10920.0,15,13,0,11,85.22,Premium,0
37,8140.0,4,13,1,12,20.38,Premium,0
34,41040.0,5,16,0,71,73.6,Estandar,0
50,26830.0,14,16,1,34,32.97,Premium,1
39,48500.0,5,16,0,9,48.5,Basico,1
34,,12,19,0,26,22.75,Premium,0
57,34890.0,13,12,1,41,71.19,Estandar,1
59,68490.0,5,15,0,8,44.5,Estandar,0
34,33180.0,6,14,1,38,122.39,Basico,0
19,30890.0,8,12,1,1,24.15,Premium,0
54,27020.0,8,20,0,13,94.18,Estandar,1
33,12270.0,6,16,1,40,70.3,Basico,1
51,52990.0,3,15,1,5,32.62,Basico,0
18,19820.0,10,11,0,9,21.6,Basico,0
52,34620.0,6,10,2,76,45.88,Estandar,0
27,12310.0,7,12,0,40,62.93,Premium,0
50,14920.0,4,16,1,24,,Estandar,0
42,55140.0,7,6,1,8,30.89,Basico,1
30,22610.0,10,16,0,15,98.92,Estandar,1
37,55640.0,4,12,0,30,34.16,Estandar,0
50,25870.0,10,15,0,6,77.32,Estandar,0
43,10710.0,7,14,2,23,113.44,Basico,1
49,42030.0,11,10,3,18,33.7,Premium,0
65,20030.0,9,13,0,23,25.8,Estandar,0
23,38150.0,7,22,1,4,92.13,Estandar,0
61,27240.0,9,11,1,4,45.64,Estandar,0
43,12440.0,6,18,0,119,41.96,Estandar,0
31,29210.0,8,16,0,139,128.66,Premium,0
26,80670.0,6,17,1,19,46.49,Estandar,1
39,34420.0,8,13,0,56,64.5,Estandar,1
53,26140.0,10,17,3,38,20.76,Estandar,0
40,46060.0,9,17,1,4,52.15,Premium,0
60,29890.0,7,13,0,12,32.18,Estandar,0
24,29870.0,13,15,1,13,40.28,Estandar,0
41,15590.0,9,12,1,32,38.88,Premium,0
26,30240.0,10,20,0,31,119.2,Estandar,0
46,45150.0,7,21,1,92,36.68,Premium,0
52,17710.0,9,15,0,56,39.61,Premium,0
36,54840.0,7,21,0,69,,Basico,0
18,25700.0,9,22,1,79,44.08,Estandar,0
44,17260.0,10,11,0,58,37.63,Basico,0
47,44300.0,6,15,1,14,105.64,Estandar,1
46,23310.0,6,22,0,8,55.12,Estandar,0
56,39330.0,1,14,1,30,57.55,Basico,1
29,23250.0,10,12,0,42,65.32,Estandar,0
50,,5,19,2,17,121.97,Estandar,0
56,34430.0,13,20,0,67,29.36,Estandar,1
20,31120.0,13,14,1,116,108.49,Estandar,0
45,9920.0,11,9,1,30,22.28,Basico,1
35,15360.0,9,14,0,21,33.47,Basico,0
41,42820.0,7,13,1,66,31.88,Basico,1
46,25180.0,6,12,0,1,50.17,Premium,1
36,20710.0,9,15,1,4,34.81,Basico,1
33,13640.0,8,16,1,67,117.05,Basico,0
42,15680.0,6,14,1,47,74.59,Premium,1
28,9790.0,10,18,1,19,54.12,Premium,0
28,25570.0,9,11,3,79,32.24,Basico,1
50,19950.0,7,14,0,15,126.57,Estandar,0
28,16590.0,10,15,0,36,57.92,Basico,1
49,26000.0,8,13,0,36,46.97,Premium,0
47,32270.0,6,13,1,7,50.32,Basico,1
21,76620.0,7,16,2,12,47.79,,0
33,,10,18,1,89,90.71,Premium,0
56,48040.0,5,19,0,7,107.58,Premium,1
30,43760.0,9,15,1,6,31.33,Basico,1
36,18220.0,5,11,0,23,36.92,Estandar,0
47,29780.0,8,16,2,3,38.04,Estandar,0
51,21400.0,4,14,1,81,66.15,Estandar,1
38,29520.0,7,12,2,3,99.37,Basico,1
34,57210.0,5,7,1,34,23.95,Estandar,0
59,36420.0,16,18,0,14,29.14,Basico,0
62,34690.0,2,10,1,58,44.43,Estandar,1
53,21700.0,8,14,1,32,75.21,Estandar,0
43,12810.0,9,19,0,17,31.04,Estandar,1
32,24240.0,11,7,0,148,43.31,Estandar,1
32,49180.0,8,12,1,2,35.41,Basico,0
48,12540.0,6,17,0,31,86.01,Estandar,0
47,15870.0,11,15,0,164,51.13,Estandar,0
58,28660.0,7,18,2,42,35.26,Basico,0
49,16440.0,10,22,0,48,26.96,Estandar,0
23,18100.0,10,14,2,1,43.05,Estandar,1
54,21770.0,8,13,1,1,46.6,Basico,0
30,13590.0,7,12,1,1,90.78,Estandar,0
37,16530.0,3,16,1,172,100.58,Premium,0
45,38240.0,13,22,1,139,26.85,Basico,0
65,13990.0,7,19,1,14,98.57,Estandar,0
79,12100.0,7,19,1,12,83.73,Estandar,1
49,19630.0,12,17,0,5,39.7,Premium,0
39,38790.0,5,15,2,14,86.04,Basico,0
48,24380.0,7,16,2,16,33.94,Estandar,1
52,21330.0,7,14,3,49,69.64,Estandar,1
38,27510.0,6,15,3,72,233.96,Basico,0
63,11240.0,9,24,0,49,62.7,Basico,0
44,34450.0,6,20,1,37,44.48,Premium,1
47,32590.0,7,16,0,52,24.82,Estandar,0
49,21920.0,11,10,0,48,57.36,Estandar,0
47,44490.0,10,14,0,23,99.36,Basico,0
52,15310.0,4,15,3,14,35.67,Premium,0
34,47290.0,11,27,0,11,75.53,Estandar,1
35,29060.0,9,14,0,40,46.62,Basico,0
28,22740.0,11,13,0,115,42.99,Basico,0
47,26640.0,4,18,1,31,,Estandar,0
51,25500.0,7,14,0,87,17.53,Basico,0
47,49520.0,7,14,0,1,48.68,Premium,0
62,,12,18,0,56,98.71,Basico,1
41,18370.0,7,23,0,69,48.87,Premium,0
50,45170.0,14,8,1,35,54.83,Estandar,0
28,19970.0,7,14,1,97,50.42,Basico,1
37,42200.0,3,12,2,32,172.01,Premium,0
50,62930.0,9,23,2,9,68.78,Estandar,0
52,22010.0,13,16,0,8,25.39,Basico,0
38,37820.0,6,18,0,29,32.47,Basico,1
41,15110.0,5,14,0,85,57.76,Estandar,0
23,39240.0,6,14,1,2,116.13,Estandar,0
37,29720.0,5,17,1,33,81.18,Estandar,0
52,34080.0,5,22,4,52,99.03,Estandar,1
48,19480.0,6,16,1,4,27.72,Estandar,0
48,11720.0,15,8,1,4,79.72,Premium,0
42,34600.0,7,15,0,16,35.07,Basico,0
42,9590.0,9,17,1,11,50.8,Estandar,0
34,22960.0,10,11,0,7,90.93,Estandar,1
50,43070.0,10,16,0,7,38.82,Estandar,0
47,29610.0,7,6,2,5,23.01,Basico,0
47,71270.0,9,13,1,33,43.78,Premium,0
35,44920.0,6,7,1,41,58.71,Estandar,1
18,19400.0,7,13,1,43,82.25,Estandar,0
55,27270.0,9,23,0,27,32.03,Estandar,0
36,26270.0,7,15,0,110,39.16,Premium,0
31,12200.0,5,10,0,76,62.12,Basico,0
50,16810.0,9,14,0,113,75.75,Basico,0
37,20330.0,5,8,0,17,61.67,Estandar,1
54,9720.0,8,11,0,75,50.0,Estandar,0
49,27550.0,5,16,0,51,35.03,Basico,1
50,23750.0,12,14,2,14,92.97,Basico,1
25,11660.0,6,18,2,4,113.08,Premium,1
56,32930.0,9,13,1,41,38.45,Estandar,1
45,38480.0,1,16,1,5,41.07,Estandar,0
37,30140.0,9,13,0,12,82.29,Estandar,0
43,22880.0,8,11,2,24,60.36,Basico,1
20,36160.0,10,13,1,41,77.41,Basico,0
46,37800.0,10,13,1,93,64.24,Basico,0
29,31370.0,5,22,0,32,68.57,Estandar,1
25,17810.0,12,18,1,40,42.76,Premium,0
23,30890.0,3,19,0,13,16.46,Basico,0
55,48910.0,6,8,0,41,61.31,Basico,1
34,19960.0,6,20,0,20,82.6,Premium,0
60,76800.0,8,16,1,69,64.81,Basico,0
35,,4,12,1,17,34.9,Basico,0
21,27340.0,8,17,0,22,38.58,Estandar,0
28,19220.0,7,20,0,20,238.47,Estandar,1
56,30080.0,6,9,1,59,67.43,Estandar,1
40,11260.0,5,24,1,110,13.35,Premium,0
35,20480.0,12,17,1,14,38.69,Estandar,1
43,15580.0,14,10,1,23,47.93,Basico,0
48,28790.0,10,22,0,44,25.97,Premium,0
55,44230.0,7,13,0,81,50.51,Estandar,0
59,37160.0,3,15,0,24,40.62,Estandar,0
37,8220.0,4,20,2,4,61.41,Estandar,0
26,74690.0,14,17,1,16,46.02,Basico,0
37,31180.0,6,15,0,28,35.87,Estandar,0
45,18250.0,10,8,0,19,44.55,Estandar,0
30,29100.0,10,12,1,7,90.76,Basico,1
30,29380.0,10,18,1,1,56.74,Estandar,1
46,19280.0,9,15,0,41,47.99,Estandar,1
41,29700.0,9,16,0,177,67.41,Estandar,0
42,19860.0,5,15,0,90,54.55,Premium,0
32,21980.0,8,16,0,41,28.11,Premium,0
39,19090.0,6,13,0,66,82.43,Estandar,0
30,13140.0,10,12,0,10,37.54,Estandar,0
52,28940.0,11,12,1,35,44.45,Basico,1
54,36050.0,9,17,1,2,22.02,Estandar,0
19,34800.0,8,17,1,44,89.4,Estandar,1
30,40540.0,9,14,0,126,58.84,Estandar,0
24,31640.0,5,6,1,70,64.77,Premium,0
34,20610.0,12,24,1,27,88.97,Estandar,0
40,40940.0,5,16,0,55,89.43,Premium,0
24,13650.0,10,12,4,103,35.78,Basico,1
30,17150.0,9,10,0,8,55.0,Premium,0
29,16610.0,14,8,1,56,51.86,Estandar,1
44,46170.0,11,20,0,11,48.99,Premium,0
42,43100.0,10,19,1,75,33.69,Basico,0
33,34330.0,14,15,0,3,128.38,Estandar,0
44,45980.0,10,22,1,7,100.33,Estandar,0
35,17330.0,8,17,0,45,71.24,,0
38,32030.0,7,14,2,6,123.23,Basico,1
62,25270.0,10,14,0,6,72.58,Estandar,0
58,41090.0,6,13,0,29,45.52,Basico,1
26,25400.0,8,13,1,64,42.4,Estandar,0
51,22190.0,7,21,0,11,68.82,Premium,0
51,35260.0,12,16,1,66,23.88,Premium,0
28,41690.0,4,15,0,59,91.84,Estandar,0
51,19260.0,11,16,3,31,20.55,Estandar,0
60,26090.0,10,16,2,37,105.79,Premium,0
28,15850.0,8,16,1,1,73.55,Basico,1
30,7720.0,8,19,2,16,175.99,Estandar,0
54,29740.0,13,18,0,11,60.83,Estandar,0
45,36480.0,11,10,1,5,80.93,Estandar,0
48,30670.0,9,13,2,17,82.95,Estandar,1
46,10150.0,6,16,0,15,32.09,Estandar,0
46,22570.0,2,17,1,46,28.78,Premium,0
26,8870.0,11,18,1,32,31.18,Premium,0
54,53360.0,7,12,1,87,53.54,Basico,0
56,15630.0,15,10,2,5,54.36,Basico,0
39,50400.0,6,7,0,2,55.73,Estandar,0
41,43170.0,8,17,1,27,73.44,Estandar,0
23,17150.0,5,16,1,1,34.96,Estandar,1
48,,10,21,0,55,90.32,Estandar,0
48,32050.0,5,9,0,25,70.69,Premium,0
41,17640.0,4,19,0,24,140.95,Premium,0
55,28320.0,5,11,2,16,70.71,Basico,0
37,21130.0,9,15,0,16,52.37,Estandar,0
48,11040.0,10,13,1,20,198.04,Premium,0
29,8820.0,10,13,0,1,51.92,Estandar,0
41,30130.0,4,13,0,3,64.96,Estandar,1
39,20320.0,11,17,0,25,70.86,Estandar,0
44,20400.0,9,9,1,5,95.45,Premium,0
37,38100.0,6,17,1,54,57.47,Premium,0
40,,12,11,0,11,287.21,Basico,0
51,23480.0,8,14,1,3,38.71,Premium,0
36,22690.0,7,9,1,9,133.45,Estandar,0
22,34550.0,5,13,0,15,22.7,Estandar,0
62,13650.0,10,19,1,1,30.24,Premium,0
58,30080.0,9,16,2,5,21.46,Estandar,1
26,35450.0,8,15,0,14,31.34,,1
50,37800.0,9,15,0,13,20.46,Basico,1
35,10220.0,7,12,1,58,58.26,Basico,1
45,18390.0,2,10,2,66,31.95,Estandar,1
45,17340.0,4,14,1,7,135.49,,0
39,28280.0,7,27,1,4,,Estandar,0
32,34210.0,4,21,0,36,56.83,Estandar,0
33,56860.0,6,15,0,58,64.04,Basico,0
31,21010.0,9,15,1,119,80.45,Premium,0
32,20980.0,4,13,1,1,111.68,Premium,0
41,47800.0,10,13,1,19,40.51,Estandar,0
33,31200.0,7,9,1,47,36.27,Premium,0
50,50710.0,11,14,0,63,,Premium,1
59,31080.0,4,11,2,2,139.96,Estandar,0
35,15080.0,16,16,1,41,24.12,Estandar,0
44,13810.0,8,14,0,12,69.37,Basico,1
47,12390.0,5,11,1,2,118.46,Basico,0
47,37460.0,8,24,3,24,79.0,Estandar,1
42,48740.0,4,20,2,6,66.63,Estandar,1
50,67820.0,8,22,0,48,75.51,Estandar,0
47,41010.0,9,14,1,48,161.1,Estandar,0
27,48120.0,9,18,2,66,87.97,Estandar,1
52,20130.0,10,15,1,17,21.53,Estandar,1
52,15090.0,6,13,0,1,51.9,Estandar,0
32,41150.0,7,16,1,10,57.54,Estandar,0
42,33150.0,9,18,1,22,101.04,Estandar,0
50,28390.0,7,18,1,42,57.4,Estandar,0
39,32650.0,11,18,2,17,55.13,Basico,1
54,31620.0,2,18,0,27,56.01,Basico,0
70,51120.0,17,14,2,26,63.05,Premium,0
32,51410.0,12,5,1,6,51.62,Basico,0
25,35320.0,8,16,0,35,42.46,Estandar,1
45,41060.0,3,14,1,20,49.97,Basico,0
50,34790.0,9,15,3,59,65.57,Basico,1
39,21360.0,9,14,0,42,79.23,Estandar,0
59,39270.0,6,15,0,4,281.99,Premium,0
25,13400.0,6,11,1,24,24.59,Estandar,1
50,45570.0,10,17,1,43,77.66,Estandar,1
34,14810.0,3,15,3,3,132.35,Estandar,0
62,31040.0,4,20,0,56,34.33,Estandar,0
65,17630.0,10,13,0,9,82.34,Premium,0
32,35480.0,6,19,2,25,43.86,Basico,0
35,26450.0,12,13,2,101,40.05,Basico,1
52,12120.0,9,18,0,30,35.17,Estandar,0
37,33200.0,9,25,1,19,51.71,Premium,1
41,20150.0,10,11,0,1,50.56,Estandar,0
42,41800.0,6,12,0,5,,Premium,0
18,26920.0,9,21,2,31,22.95,Basico,0
41,32780.0,7,16,0,24,90.92,Premium,0
33,16670.0,12,12,0,16,89.72,Estandar,0
36,20040.0,8,14,0,92,65.72,Estandar,0
59,21390.0,10,13,0,14,215.44,Estandar,0
26,41290.0,6,11,0,27,114.44,Estandar,1
51,62240.0,11,17,0,30,40.43,Basico,0
38,17990.0,7,8,1,26,26.74,Estandar,0
38,46090.0,6,16,0,23,36.14,Premium,0
51,9090.0,8,14,0,14,38.53,Premium,0
46,14810.0,8,10,1,86,18.23,Basico,0
48,16660.0,8,25,1,21,73.45,Basico,0
53,13680.0,9,15,2,27,24.82,Estandar,0
38,12190.0,6,6,0,38,62.79,Estandar,0
34,33070.0,12,13,1,2,95.84,Estandar,0
28,24170.0,5,18,0,54,126.43,Premium,0
32,32520.0,6,9,4,25,46.95,Basico,0
77,38000.0,9,14,1,38,35.52,Estandar,1
56,30720.0,11,15,1,53,121.74,Estandar,1
25,37380.0,13,15,1,74,134.81,Estandar,0
26,25980.0,6,14,0,17,82.24,Premium,1
47,14860.0,11,7,1,60,36.05,Premium,1
48,45660.0,5,13,1,10,24.77,Basico,1
48,20040.0,7,22,1,38,106.67,Premium,0
38,16850.0,6,12,0,3,52.62,Estandar,0
40,24610.0,10,13,1,1,114.88,Estandar,1
45,17040.0,5,12,0,3,36.63,Estandar,1
43,21840.0,6,7,1,13,106.19,Estandar,0
18,31950.0,8,11,1,1,127.04,Estandar,0
39,32020.0,6,17,3,35,47.22,Basico,1
31,17170.0,3,18,1,13,65.7,Estandar,0
44,21080.0,6,21,3,47,27.2,Estandar,1
77,46040.0,7,11,1,1,27.62,Estandar,0
46,34480.0,11,13,0,8,66.05,Estandar,0
38,75930.0,7,11,1,18,39.48,Basico,1
53,48540.0,9,15,0,17,63.08,Basico,0
47,47670.0,4,14,1,5,60.24,,0
47,13440.0,7,17,2,185,80.76,Premium,0
49,39420.0,9,12,0,12,75.02,Estandar,0
66,26200.0,9,16,3,45,94.85,Estandar,0
28,20420.0,6,13,2,8,62.57,Premium,0
47,29260.0,6,22,0,75,65.65,Estandar,1
30,43160.0,7,19,1,17,54.53,Estandar,1
48,34560.0,7,18,1,83,102.5,Estandar,0
30,17340.0,6,11,0,15,164.72,Basico,0
36,39000.0,13,15,2,1,85.61,Premium,1
38,19560.0,6,17,0,26,73.59,Premium,0
53,29980.0,7,10,0,26,47.92,Basico,1
53,23120.0,6,16,0,4,63.17,Estandar,0
27,24110.0,10,20,0,9,43.08,Estandar,0
42,39460.0,2,9,0,55,37.73,Estandar,0
33,15990.0,5,15,2,1,48.53,Estandar,0
26,71150.0,8,14,1,24,159.78,Basico,0
39,10820.0,5,19,2,27,51.89,Basico,1
38,19950.0,5,12,0,42,144.61,Estandar,0
71,32370.0,8,11,0,1,30.47,Estandar,0
47,36030.0,8,19,1,31,59.35,Estandar,0
25,25590.0,6,18,0,1,84.13,Estandar,0
35,26140.0,3,13,1,11,86.77,Premium,1
54,33030.0,7,14,1,24,28.51,Basico,1
67,23970.0,8,21,0,87,26.33,Premium,0
22,53990.0,7,20,0,4,79.17,Basico,1
19,,10,8,0,6,39.18,Estandar,1
64,,13,20,1,39,79.89,Premium,0
46,16600.0,9,9,1,16,129.22,Estandar,0
31,25860.0,5,11,0,35,36.83,Basico,0
48,23150.0,5,13,2,215,39.91,Basico,0
18,16270.0,6,19,2,155,16.19,Basico,1
42,32210.0,14,17,1,15,88.29,Estandar,0
45,20560.0,10,13,0,25,196.03,Estandar,0
53,37340.0,9,18,1,84,25.84,Basico,0
29,15750.0,9,13,0,3,115.17,Estandar,0
43,63550.0,3,16,0,21,121.66,Estandar,0
30,17190.0,4,14,2,17,87.39,Estandar,1
45,30020.0,8,15,1,12,37.97,Basico,1
31,39970.0,11,16,3,185,47.18,Basico,0
37,20230.0,10,17,1,47,76.05,Premium,1
30,41200.0,6,16,1,17,74.73,Basico,0
49,14550.0,10,7,0,63,46.98,Basico,0
52,55610.0,13,18,0,24,71.97,Premium,0
39,,7,16,0,74,43.96,Estandar,0
42,19970.0,13,11,2,11,51.03,Basico,0
24,23170.0,5,17,0,9,48.34,Premium,0
38,40310.0,10,20,1,10,105.31,Estandar,0
41,20090.0,11,19,0,27,23.17,Estandar,0
73,18500.0,12,9,0,12,80.64,Basico,1
28,24080.0,11,11,1,5,67.73,Basico,1
59,14940.0,9,14,0,188,13.99,Basico,0
53,66850.0,6,13,0,83,92.08,Estandar,0
45,20270.0,5,12,1,36,99.23,Basico,1
63,40770.0,10,15,0,79,42.81,Basico,1
46,29870.0,7,14,2,98,73.03,Estandar,0
46,16440.0,5,12,1,40,64.11,Basico,1
41,26820.0,9,17,1,26,208.33,Premium,0
56,39820.0,10,19,3,76,73.81,Estandar,0
55,24490.0,9,16,0,30,58.18,Estandar,1
34,48850.0,5,18,0,4,105.32,Premium,0
26,,10,8,0,16,143.25,Premium,0
39,42590.0,6,9,1,21,189.28,Estandar,0
32,21380.0,12,14,1,98,38.15,Estandar,0
41,15680.0,4,20,3,38,70.66,Basico,1
56,19800.0,9,17,1,74,37.61,Premium,0
36,29680.0,7,13,0,51,219.79,Estandar,0
41,35340.0,3,10,0,13,56.17,Estandar,1
42,9080.0,10,17,1,45,96.95,Basico,1
52,26790.0,5,17,1,7,49.44,Estandar,0
18,29120.0,6,17,1,18,73.66,Estandar,0
34,23420.0,9,16,0,59,18.48,Basico,0
44,51310.0,4,11,0,34,101.91,Estandar,0
56,33220.0,8,19,0,62,119.29,Estandar,0
36,51800.0,12,14,1,10,38.26,Premium,0
19,24150.0,12,13,0,49,18.43,Basico,0
49,42990.0,12,15,0,8,132.92,Premium,0
34,60930.0,9,9,1,28,123.18,Basico,0
27,51840.0,4,20,0,20,87.76,Estandar,1
34,15580.0,9,11,2,29,48.86,Basico,0
39,23700.0,5,11,1,5,46.15,Basico,1
34,22640.0,6,12,0,16,121.56,Basico,0
18,34360.0,7,8,1,39,45.04,Estandar,0
52,37920.0,6,9,0,29,60.01,Basico,1
57,17690.0,5,17,0,28,54.43,Estandar,0
49,27830.0,9,7,1,25,66.47,Estandar,0
28,,10,12,0,103,51.19,Estandar,0
39,55320.0,11,13,0,98,54.92,Basico,0
41,20820.0,8,14,1,16,159.96,Basico,0
49,27670.0,8,10,0,15,74.8,Basico,0
50,23040.0,10,9,0,29,68.69,Estandar,0
33,47720.0,13,19,0,3,89.4,Estandar,0
42,6510.0,11,16,0,12,27.9,Basico,1
47,26680.0,7,19,0,9,100.54,Estandar,0
59,25520.0,9,16,0,9,65.48,Premium,0
50,21440.0,8,18,1,36,37.7,Estandar,0
51,63770.0,6,11,1,17,51.53,Estandar,1
43,17260.0,11,20,2,6,75.18,Estandar,0
58,39570.0,7,14,2,78,57.5,Estandar,0
46,32150.0,9,22,1,74,104.76,Premium,0
31,50550.0,6,15,0,71,34.78,Premium,0
58,19270.0,5,15,1,17,27.8,Basico,1
50,18650.0,11,13,3,2,34.56,Estandar,1
36,46540.0,6,21,1,4,42.7,Estandar,0
36,33280.0,10,18,0,11,59.18,Estandar,0
45,12430.0,8,11,1,8,44.75,Estandar,0
47,20540.0,13,17,1,74,26.78,Basico,0
44,32640.0,9,18,0,154,24.24,Basico,1
45,40900.0,5,15,2,61,25.35,Premium,0
62,19160.0,14,13,0,47,45.92,Estandar,0
54,6270.0,11,15,1,31,33.56,Basico,0
44,34950.0,7,18,1,52,43.37,Basico,0
53,14620.0,14,16,0,105,121.09,Estandar,0
29,9810.0,11,14,0,33,27.06,Estandar,0
46,6530.0,3,17,0,6,65.35,Premium,0
63,40420.0,16,15,1,6,26.82,Basico,1
39,28690.0,6,16,2,31,24.51,Estandar,0
31,24030.0,4,15,2,14,68.22,Basico,0
34,53880.0,7,21,1,86,81.86,Estandar,0
28,37000.0,13,13,1,34,87.66,Estandar,0
32,60360.0,7,16,1,40,106.33,Estandar,0
37,13410.0,9,19,0,1,49.09,Estandar,1
25,26440.0,8,11,1,24,64.39,Premium,0
42,11990.0,11,16,0,20,43.33,Estandar,1
52,23990.0,5,14,1,44,118.6,Premium,0
31,23760.0,7,13,0,17,31.6,Basico,1
60,36800.0,6,11,0,135,73.74,Estandar,0
48,27520.0,9,20,1,39,28.81,Premium,0
54,36740.0,8,19,0,38,58.32,Basico,0
34,38240.0,5,18,2,90,20.82,Basico,0
52,79020.0,7,17,1,192,62.55,Basico,0
28,22980.0,6,13,0,7,178.48,Basico,0
52,16810.0,11,14,2,59,39.05,Premium,0
44,30430.0,12,13,0,6,47.21,Estandar,0
48,18010.0,10,13,0,21,91.84,Basico,1
27,56440.0,7,20,0,3,56.08,Estandar,1
31,23350.0,12,14,1,35,113.67,Premium,0
49,20280.0,10,21,1,22,69.14,Basico,0
30,21250.0,7,14,1,35,92.33,Estandar,0
47,38530.0,11,13,2,40,16.67,Estandar,0
25,24860.0,10,12,2,34,57.7,Estandar,0
52,19520.0,4,13,0,12,28.09,Estandar,1
27,61860.0,6,15,1,65,43.08,Estandar,0
48,17530.0,12,17,1,28,70.76,Premium,1
49,27390.0,8,17,1,24,47.57,Basico,1
33,37280.0,14,14,0,156,34.11,Estandar,0
48,11900.0,6,17,0,12,115.87,Premium,1
45,34210.0,13,12,1,27,99.92,Basico,0
35,15870.0,7,11,0,41,23.97,Basico,0
29,40590.0,15,12,0,4,86.27,Basico,1
18,16630.0,12,12,0,15,60.47,Basico,1
46,38040.0,15,18,0,58,62.9,Estandar,0
23,46770.0,2,16,1,9,138.84,Estandar,0
43,41390.0,10,9,1,24,,Premium,0
38,30510.0,3,13,0,35,83.81,Estandar,0
50,23960.0,6,15,1,40,62.08,Estandar,1
38,,7,19,2,46,62.28,Estandar,0
38,56140.0,9,9,0,72,31.34,Basico,0
50,18960.0,5,16,0,17,238.02,Estandar,0
46,16020.0,10,12,0,44,8.62,Premium,0
45,37520.0,10,24,1,47,35.33,Estandar,0
47,18070.0,7,18,1,12,40.72,Estandar,1
23,16730.0,10,8,2,124,94.16,Premium,0
51,13070.0,10,12,0,72,23.42,Basico,1
49,21130.0,7,12,1,12,49.14,Estandar,0
29,25810.0,11,11,0,40,87.54,Estandar,0
39,30380.0,10,19,0,45,26.29,Estandar,0
41,43290.0,4,8,1,20,50.29,Basico,0
40,35010.0,12,20,0,71,49.36,Estandar,0
46,,7,10,2,42,38.14,Estandar,0
59,24360.0,6,12,1,38,55.82,Estandar,1
54,34720.0,5,16,2,8,42.3,Estandar,0
26,50830.0,10,10,0,18,97.57,Basico,0
49,28660.0,9,14,0,20,75.01,Basico,1
57,21280.0,8,9,1,47,48.88,Estandar,1
46,16380.0,11,14,0,34,,Basico,1
55,13060.0,13,12,0,3,,Basico,1
66,37540.0,9,20,0,13,121.76,Basico,1
54,35920.0,5,16,0,23,71.62,Basico,1
44,35910.0,10,17,2,48,,Estandar,1
54,25230.0,7,14,0,48,71.03,Estandar,1
43,,9,18,0,24,169.57,Estandar,0
42,21120.0,5,16,1,4,36.19,Basico,1
37,43370.0,8,10,2,12,,Premium,0
60,26390.0,5,13,2,10,70.0,Basico,0
32,19850.0,7,14,1,54,47.96,Basico,0
60,36180.0,6,16,1,7,35.24,Premium,1
47,33020.0,11,9,0,22,,Basico,1
25,32160.0,8,14,0,39,65.01,Premium,1
46,28020.0,9,19,0,120,129.84,Estandar,0
18,26400.0,11,21,2,240,110.03,Basico,0
49,88800.0,13,13,1,110,65.38,Premium,0
52,48640.0,14,12,1,45,35.4,Basico,1
34,38620.0,11,15,1,49,187.28,Basico,1
43,28450.0,12,9,3,51,37.65,Estandar,1
65,44510.0,5,12,0,71,89.87,Premium,0
35,34860.0,9,15,0,109,18.86,Estandar,0
29,27260.0,8,12,1,21,140.11,Estandar,0
59,23110.0,4,19,0,19,16.11,Basico,1
65,,7,19,1,22,45.24,Estandar,0
42,5510.0,5,13,1,38,28.87,Estandar,0
54,29890.0,15,12,0,53,126.13,Estandar,0
58,21070.0,8,19,1,73,34.98,Estandar,1
33,59660.0,8,11,0,21,74.98,Basico,0
36,27160.0,10,14,2,16,64.08,Premium,0
56,14850.0,7,21,2,147,22.94,Basico,1
62,26240.0,9,11,4,9,101.23,Estandar,1
48,15950.0,10,18,0,9,,Basico,1
31,34090.0,11,15,2,45,134.91,Estandar,0
65,31120.0,3,9,0,7,78.89,Estandar,0
35,43430.0,10,15,1,18,34.6,Basico,1
37,18120.0,9,15,0,12,48.39,Premium,0
46,27360.0,8,16,0,6,47.57,Basico,0
60,13600.0,4,14,1,31,87.08,Estandar,0
52,38210.0,8,12,1,16,85.38,Premium,1
46,34870.0,8,12,1,22,36.45,Estandar,1
47,34470.0,4,13,0,7,96.38,Basico,1
42,26920.0,8,10,1,52,69.68,Premium,0
48,33100.0,5,11,0,13,81.58,Estandar,0
18,60000.0,5,10,0,15,74.49,Estandar,0
38,23330.0,8,16,2,10,89.78,Estandar,0
44,28830.0,10,14,0,20,31.2,Premium,1
28,15630.0,5,12,0,22,61.19,Basico,0
46,17430.0,9,16,0,27,99.93,Basico,0
39,28250.0,6,10,0,123,106.64,Basico,1
63,46720.0,8,11,1,84,106.54,Basico,0
60,23670.0,12,14,0,33,32.09,Premium,0
36,23910.0,10,19,2,1,189.99,Basico,1
40,21950.0,4,28,3,34,157.44,Premium,1
41,20590.0,10,18,0,3,32.48,Premium,1
36,31180.0,12,20,1,44,45.63,Estandar,1
44,12730.0,6,13,0,17,82.36,Estandar,0
32,51050.0,8,11,1,65,35.42,Basico,0
28,19290.0,4,15,1,102,77.4,Estandar,1
49,38600.0,10,14,1,19,61.99,Estandar,0
49,14260.0,8,11,1,22,118.3,Estandar,1
32,37590.0,12,15,1,32,70.66,Basico,0
52,37650.0,9,14,1,7,16.15,Estandar,0
34,32600.0,4,13,3,94,91.61,Estandar,0
45,16360.0,7,21,1,20,114.18,Premium,0
51,30480.0,6,18,0,6,52.57,Basico,1
41,14890.0,10,15,0,51,59.66,Estandar,1
47,23710.0,10,17,1,8,59.78,Estandar,0
35,45010.0,13,12,0,5,38.43,Premium,0
39,40070.0,11,17,0,29,240.25,Estandar,0
39,27110.0,16,17,2,40,34.14,Estandar,1
33,16520.0,6,16,1,30,95.28,Estandar,1
39,37150.0,9,9,2,38,95.01,Basico,0
23,27170.0,16,14,0,4,,Premium,0
36,8430.0,9,13,2,23,31.13,Estandar,0
38,39790.0,7,17,2,15,51.22,Basico,1
38,26580.0,3,19,0,130,82.96,Estandar,0
39,49080.0,3,16,1,1,65.63,Estandar,1
41,15560.0,6,18,0,12,162.31,Estandar,1
47,5500.0,4,16,3,102,38.38,Estandar,0
52,30930.0,15,12,2,147,38.94,Basico,1
34,31130.0,11,10,1,62,92.67,Estandar,0
27,11550.0,9,17,1,2,20.07,Basico,0
29,16490.0,5,13,0,29,38.94,Estandar,1
36,106680.0,13,14,0,18,50.48,Estandar,0
37,23090.0,8,17,3,59,54.13,Premium,0
32,38770.0,4,16,0,2,40.26,Estandar,0
26,19430.0,10,18,0,7,18.27,Estandar,0
36,9460.0,11,17,0,24,127.59,Basico,1
44,24710.0,6,12,2,6,123.61,Estandar,1
49,23560.0,11,14,0,42,20.11,Basico,1
35,22030.0,7,23,0,61,81.8,Premium,0
37,25400.0,4,13,0,43,50.35,Basico,1
30,30700.0,5,15,2,20,76.38,Basico,0
41,24960.0,6,10,1,75,64.61,Basico,0
31,,6,15,0,5,22.77,Basico,1
48,34310.0,9,13,0,10,88.34,Basico,1
20,10150.0,8,14,3,24,39.21,Estandar,0
37,9650.0,7,17,1,2,11.5,Premium,1
45,38930.0,8,23,0,3,61.53,Premium,0
44,34670.0,10,15,0,18,21.37,Basico,0
74,26140.0,9,19,1,103,108.51,Estandar,0
46,13390.0,7,12,1,86,45.85,Basico,0
29,18880.0,9,16,0,22,57.25,Estandar,0
40,23590.0,16,24,0,5,74.58,Premium,1
20,12110.0,5,15,0,7,58.15,Premium,1
41,18590.0,7,7,0,17,38.3,Estandar,0
32,37280.0,12,12,1,8,107.53,Estandar,1
52,54920.0,8,11,1,3,51.16,Estandar,0
35,21810.0,8,13,0,40,27.81,Estandar,0
40,39270.0,8,16,0,31,67.55,Premium,0
34,10330.0,15,17,1,12,52.02,Estandar,0
62,37410.0,7,13,0,54,53.85,Estandar,0
38,18000.0,7,12,1,53,58.88,Basico,1
63,31370.0,7,20,1,24,56.46,Estandar,0
51,23770.0,6,9,1,3,130.91,Estandar,0
47,52060.0,7,10,1,90,33.76,Premium,0
46,17370.0,8,14,0,39,15.67,Premium,0
46,36820.0,13,12,2,10,54.62,Estandar,0
18,,10,14,0,33,89.94,Estandar,0
38,24860.0,9,21,0,18,21.36,Estandar,0
52,24540.0,10,12,1,36,67.95,Estandar,1
41,17630.0,7,19,0,23,23.48,Estandar,0
25,26710.0,5,12,1,23,90.58,Basico,0
41,26070.0,11,12,0,47,54.95,Basico,0
62,30350.0,11,12,0,34,32.2,Premium,0
56,28060.0,12,19,1,2,20.86,Estandar,0
41,40090.0,7,13,1,2,202.08,Premium,0
53,42690.0,7,17,0,13,217.71,Estandar,0
37,15910.0,10,13,1,20,28.58,Basico,1
21,41540.0,5,14,0,11,28.17,Premium,0
30,14870.0,12,10,0,37,57.25,Estandar,1
60,36100.0,10,14,0,7,43.32,Estandar,1
38,36680.0,15,9,1,43,44.9,Basico,1
39,10350.0,8,14,1,53,64.73,Estandar,0
38,28180.0,14,17,2,4,,Premium,0
64,21280.0,16,23,0,37,123.63,Estandar,0
61,18410.0,5,15,0,117,45.05,Estandar,0
68,52860.0,12,13,0,7,84.21,Premium,0
40,19400.0,11,16,2,86,18.03,Estandar,0
45,17980.0,9,14,2,33,59.24,Premium,0
23,27940.0,3,8,0,32,,Premium,1
59,37900.0,15,16,0,1,97.33,Estandar,0
27,,3,14,1,49,79.29,Premium,0
44,48200.0,6,9,2,23,65.71,Estandar,1
28,35080.0,5,21,1,45,71.96,Estandar,0
34,9050.0,14,19,0,59,42.09,Basico,1
31,20650.0,9,15,3,26,97.57,Estandar,0
34,20310.0,17,17,0,11,71.96,Premium,1
35,34190.0,8,14,0,5,49.53,Premium,1
35,7240.0,4,15,1,6,57.93,Estandar,0
52,96230.0,13,16,1,72,90.6,Basico,1
28,35080.0,13,10,0,4,95.89,Premium,0
44,28980.0,9,18,1,17,44.46,,0
56,48570.0,6,11,1,14,31.94,Premium,0
35,86840.0,6,16,0,72,41.54,Estandar,0
33,41580.0,8,22,0,23,42.84,Basico,1
39,43240.0,5,17,2,203,58.79,Basico,0
56,28720.0,8,14,0,48,111.99,Basico,1
44,25070.0,9,11,1,68,41.17,Basico,0
35,21210.0,13,10,4,3,68.91,Estandar,1
47,17800.0,5,15,0,10,48.88,Basico,0
28,19080.0,8,11,0,5,55.23,Premium,0
50,13690.0,7,11,0,22,65.48,Basico,1
46,25900.0,9,9,1,45,112.28,Estandar,1
38,11590.0,11,15,2,6,63.33,Basico,1
31,29600.0,3,24,0,5,11.6,Estandar,0
31,26420.0,11,11,0,34,48.45,Estandar,0
48,28950.0,9,12,0,9,139.97,Estandar,0
56,20720.0,5,12,1,23,108.34,Basico,1
34,125300.0,6,17,2,1,87.74,Premium,0
47,53110.0,6,17,0,41,110.79,Premium,0
18,14440.0,4,9,1,28,89.52,Estandar,0
34,30230.0,3,11,0,37,109.5,Premium,0
41,,7,15,3,11,27.92,Basico,0
31,16200.0,2,18,1,11,52.67,Estandar,0
30,13770.0,9,7,1,58,59.65,Basico,1
33,33390.0,6,16,0,45,56.4,Estandar,0
45,19140.0,4,15,3,31,38.62,Premium,0
39,43650.0,12,13,1,35,59.61,Basico,1
18,44220.0,4,23,1,3,19.69,Estandar,1
18,53470.0,7,7,0,69,71.66,Estandar,0
34,17570.0,9,20,2,52,36.44,Estandar,0
47,34120.0,6,18,0,32,14.8,Basico,1
18,36910.0,8,19,2,90,55.14,Estandar,0
36,21220.0,7,11,1,6,138.22,Basico,1
35,18290.0,8,16,0,41,17.45,Basico,0
58,60160.0,9,16,2,118,47.19,Estandar,0
37,,8,16,0,13,20.63,Premium,0
46,36970.0,8,11,0,1,63.7,Estandar,0
43,17840.0,8,19,1,47,92.08,Premium,0
18,14620.0,8,16,1,1,33.6,Premium,1
51,20240.0,7,14,2,74,42.34,Estandar,0
44,25290.0,12,16,1,2,49.94,Estandar,0
48,15800.0,10,11,0,38,114.85,Basico,1
80,26770.0,4,12,1,17,23.6,Basico,1
18,11570.0,10,16,0,8,41.58,Basico,0
62,15370.0,9,16,1,82,140.11,Estandar,1
38,37630.0,7,17,0,49,35.29,Estandar,0
45,36380.0,8,17,1,14,43.09,Estandar,0
41,22120.0,12,19,1,12,60.83,Basico,1
36,16170.0,4,13,1,47,220.59,Premium,0
35,16100.0,6,15,0,65,27.93,Basico,1
45,22320.0,9,17,1,45,85.9,Estandar,0
23,37130.0,10,9,1,36,26.77,Estandar,0
51,42790.0,17,12,0,9,29.83,Basico,0
37,20990.0,9,16,0,68,40.12,Estandar,1
28,15110.0,7,15,1,49,72.16,Basico,1
36,30760.0,4,12,1,26,39.26,Basico,0
57,17820.0,13,14,1,25,59.13,Estandar,0
35,20760.0,7,15,0,30,,Estandar,0
46,52190.0,8,19,2,63,57.33,Estandar,0
33,40680.0,7,19,0,48,25.06,Basico,1
51,29110.0,9,17,0,69,25.44,Estandar,1
50,14240.0,8,21,1,25,40.12,Estandar,1
64,29900.0,12,16,0,35,78.78,Estandar,0
39,45770.0,9,14,0,69,61.33,Basico,0
50,22300.0,7,10,1,9,34.31,Premium,0
43,52870.0,8,18,2,21,27.69,Basico,1
57,51350.0,9,19,1,34,101.52,Basico,0
33,61810.0,6,16,1,88,123.71,Premium,0
50,31340.0,8,19,0,1,74.04,Estandar,0
39,36090.0,4,18,0,8,67.58,Basico,0
41,54560.0,9,19,1,9,15.14,Premium,0
43,33650.0,6,18,0,14,77.96,Basico,1
45,20940.0,3,16,2,11,141.61,Estandar,1
40,21500.0,8,16,1,32,103.89,Estandar,0
44,30310.0,12,10,0,78,100.57,Basico,1
60,14110.0,4,20,2,36,20.22,Estandar,0
53,25040.0,11,15,0,9,35.78,Estandar,0
52,46550.0,13,11,0,71,50.05,Estandar,0
36,8990.0,7,8,1,35,35.62,Estandar,0
31,57940.0,10,18,4,8,27.22,Premium,0
53,47150.0,6,15,0,16,70.21,Estandar,0
52,21380.0,5,24,1,56,99.29,Basico,1
59,35300.0,11,15,0,48,23.62,Estandar,0
34,26950.0,8,14,1,30,101.77,Estandar,0
39,49760.0,8,17,1,5,62.42,Estandar,1
22,43970.0,8,15,0,58,144.58,Basico,1
37,13360.0,8,14,1,13,87.96,Premium,0
53,36080.0,5,13,1,53,59.02,Basico,0
36,24270.0,10,10,0,37,59.3,Estandar,0
49,28040.0,8,15,1,11,54.67,Estandar,0
39,18690.0,9,12,0,8,162.58,Premium,0
45,64480.0,9,19,0,5,78.83,Premium,0
28,45250.0,4,11,1,9,43.78,Estandar,1
43,18590.0,10,11,0,6,76.83,Estandar,0
18,13800.0,7,18,1,34,72.22,Basico,1
39,22180.0,8,19,1,32,42.36,Estandar,1
22,33430.0,4,18,1,31,33.38,Estandar,0
56,30340.0,12,17,1,36,110.96,Estandar,0
51,50340.0,4,6,0,60,46.64,Basico,0
47,,5,10,1,88,45.1,Premium,0
60,43690.0,7,12,0,9,77.41,Premium,0
30,31680.0,12,15,0,31,40.02,Premium,0
62,13430.0,11,18,0,2,62.63,Basico,1
53,24400.0,11,13,1,4,43.46,Estandar,0
39,45710.0,7,18,3,38,11.62,Estandar,0
55,26220.0,9,10,0,23,68.84,Basico,0
28,34600.0,4,13,1,51,63.89,Basico,0
32,22940.0,9,17,1,19,67.51,Estandar,1
34,16080.0,9,11,1,4,15.72,Basico,0
35,25290.0,12,13,0,74,,Estandar,0
29,31400.0,13,16,1,3,109.67,Premium,0
56,19380.0,10,11,1,7,57.07,Estandar,0
38,23910.0,2,16,1,11,17.53,Premium,0
46,16820.0,5,10,4,192,57.44,Estandar,0
35,47080.0,10,16,3,19,21.29,Basico,0
20,23220.0,8,11,0,25,38.71,Premium,0
45,55620.0,4,12,1,52,63.57,Premium,0
19,57780.0,11,15,1,36,63.63,Estandar,0
41,25830.0,7,19,0,66,99.89,Basico,0
25,16250.0,3,13,4,23,72.18,Estandar,0
65,9480.0,7,12,1,128,74.96,Estandar,0
52,12890.0,9,16,4,57,43.43,Premium,0
43,13540.0,10,21,0,18,32.78,Premium,0
57,53600.0,8,12,1,17,56.22,Basico,0
31,28510.0,12,12,1,95,100.69,Basico,0
48,32690.0,10,16,2,41,89.63,Premium,0
44,8860.0,10,16,1,34,48.39,Basico,1
45,14780.0,9,13,2,51,52.68,Estandar,0
57,41920.0,9,13,0,29,31.77,Basico,1
50,31050.0,8,17,0,6,108.89,Estandar,0
45,24990.0,5,17,3,13,143.89,Estandar,1
22,35680.0,9,14,1,29,71.07,Estandar,0
30,60960.0,5,18,0,1,20.46,Estandar,0
40,24090.0,6,21,0,20,81.78,Premium,0
43,27850.0,8,18,1,50,147.34,Premium,0
28,,6,19,0,6,27.91,Estandar,0
70,88970.0,14,12,0,2,90.7,Basico,0
60,9420.0,10,13,0,65,,Estandar,0
49,37860.0,9,14,0,34,115.16,Estandar,1
42,25400.0,10,12,1,6,27.26,Basico,1
39,35720.0,7,13,0,59,42.09,Premium,0
30,19370.0,12,9,0,38,21.31,Estandar,0
42,26250.0,9,18,1,14,66.94,Estandar,1
45,38400.0,5,11,2,16,76.09,Basico,1
27,127570.0,6,17,0,6,67.11,Premium,1
46,40300.0,9,12,0,64,40.07,Estandar,0
40,17610.0,7,15,2,25,41.94,Basico,0
19,21770.0,11,12,0,29,44.87,Basico,0
31,21450.0,4,17,1,77,92.87,Estandar,1
37,10960.0,8,21,2,1,22.84,Estandar,0
64,22810.0,4,12,1,2,44.51,Estandar,0
48,38810.0,9,16,1,6,22.57,Basico,0
25,14230.0,9,13,0,1,42.71,Estandar,0
47,45440.0,7,12,1,38,54.13,Premium,1
23,34330.0,9,17,0,36,192.53,Basico,0
54,18640.0,7,14,1,8,36.58,Estandar,0
36,25070.0,12,12,1,5,101.11,Estandar,1
40,59820.0,11,12,1,5,19.57,Estandar,0
57,38820.0,7,15,0,110,55.92,Estandar,1
26,27020.0,9,14,2,42,55.84,Estandar,0
25,23890.0,11,20,1,31,85.38,Estandar,0
34,27950.0,9,16,1,14,39.34,Premium,0
54,20830.0,8,18,0,20,34.09,Estandar,0
23,9390.0,4,15,0,3,15.67,Basico,0
18,74690.0,10,14,0,226,66.59,Premium,1
36,29080.0,10,14,0,50,37.14,Basico,0
48,32830.0,9,19,4,34,101.01,Estandar,0
56,26140.0,11,21,0,31,74.22,Basico,1
36,18630.0,8,21,2,25,111.2,Basico,0
37,24510.0,9,14,1,10,32.33,Estandar,0
55,12090.0,10,17,0,9,61.73,Basico,1
19,84000.0,4,17,0,28,61.19,Basico,0
37,14510.0,11,12,0,2,40.54,Estandar,0
44,16060.0,12,11,1,2,114.23,Estandar,1
47,21590.0,8,14,1,29,87.25,Estandar,0
35,51230.0,7,15,2,90,184.65,Basico,0
42,27100.0,5,18,0,88,82.83,Basico,1
18,14500.0,10,14,2,1,167.56,Basico,0
34,50370.0,8,13,0,4,165.29,Estandar,0
47,38770.0,6,14,0,31,40.65,Basico,0
30,35210.0,4,12,0,67,22.61,Premium,0
42,38480.0,10,14,0,111,150.2,Estandar,0
47,89070.0,6,15,1,70,82.79,Premium,0
37,80220.0,7,18,2,40,74.65,Estandar,1
44,19080.0,7,15,0,8,41.71,Estandar,0
30,60590.0,11,22,1,2,69.29,Estandar,0
39,32580.0,11,10,0,1,100.51,Estandar,1
49,34530.0,5,16,0,34,81.06,Estandar,0
43,11540.0,6,18,2,1,37.78,Estandar,0
34,24710.0,6,15,1,48,137.75,Estandar,0
44,17920.0,7,15,2,44,58.84,Estandar,1
50,40700.0,8,9,0,2,82.06,Estandar,0
18,45960.0,7,17,1,85,90.41,Premium,1
55,9540.0,9,15,0,26,196.18,Estandar,0
37,26610.0,9,16,1,84,70.01,Estandar,1
47,47140.0,9,16,1,83,52.91,Estandar,0
56,24510.0,11,15,2,7,172.13,Estandar,0
25,38740.0,14,16,1,17,106.14,Estandar,0
33,,7,21,0,5,65.6,Basico,0
38,31910.0,5,10,0,53,63.17,Estandar,0
32,23490.0,9,18,0,25,16.84,Estandar,0
62,14640.0,11,13,0,95,51.81,Premium,1
31,15360.0,7,13,1,8,23.54,Estandar,0
35,38360.0,5,10,0,41,,Estandar,1
44,27170.0,14,8,2,163,38.18,Estandar,0
27,25100.0,14,15,0,39,23.83,Estandar,0
37,21760.0,9,11,0,2,44.12,Estandar,1
45,23100.0,12,18,1,31,65.68,Estandar,1
38,45410.0,10,9,0,7,74.11,Basico,0
40,22750.0,12,17,2,1,51.13,Basico,1
35,13760.0,8,12,0,14,25.2,Basico,0
23,39020.0,10,11,2,11,50.77,Basico,0
45,24280.0,8,13,1,55,28.81,Premium,0
63,27330.0,11,15,2,16,126.72,Premium,0
42,60100.0,9,15,1,47,49.97,Premium,0
44,26630.0,8,13,2,1,27.56,Estandar,0
50,31090.0,14,8,2,1,29.06,Basico,0
26,14920.0,10,17,1,1,54.83,Estandar,0
62,24100.0,7,16,0,8,56.54,Basico,1
44,36490.0,9,11,2,16,48.61,Premium,0
61,12360.0,8,18,2,33,99.11,Basico,1
33,29750.0,10,12,1,153,30.66,Estandar,0
63,28290.0,10,18,2,15,99.7,Premium,0
51,27460.0,10,20,1,2,51.61,Estandar,1
48,45190.0,6,13,2,7,91.61,Estandar,0
44,31800.0,12,18,3,82,37.51,Estandar,0
39,56330.0,6,15,1,43,87.08,Estandar,0
56,16370.0,4,15,0,56,33.64,Basico,1
43,28800.0,14,15,1,4,146.7,Estandar,1
18,28060.0,13,14,0,5,52.04,Estandar,0
28,15760.0,9,18,2,4,42.16,Estandar,0
39,43400.0,10,9,0,70,27.0,Basico,0
45,86020.0,4,13,0,8,60.41,Estandar,0
41,26680.0,8,16,1,37,49.94,Estandar,1
56,34630.0,4,11,1,26,24.48,Premium,0
18,28060.0,6,19,1,28,35.1,Premium,0
43,18830.0,11,16,0,7,16.9,Estandar,0
20,,5,13,0,36,27.72,Premium,0
51,18900.0,11,14,1,1,50.72,Estandar,1
40,13410.0,7,14,0,181,67.5,Basico,0
47,63070.0,12,14,0,1,44.96,Premium,0
31,25400.0,5,16,0,1,72.45,Estandar,0
57,22630.0,3,18,1,14,30.72,Estandar,0
54,41960.0,8,15,0,64,71.25,Basico,0
49,15350.0,9,16,1,10,52.13,Estandar,1
40,18340.0,6,9,1,22,48.25,Basico,1
48,27830.0,5,13,1,1,54.48,Estandar,0
33,45000.0,5,20,0,2,38.11,Premium,1
52,34570.0,9,10,1,33,21.74,Estandar,0
61,30460.0,7,21,1,7,29.16,Basico,1
54,27970.0,6,13,0,42,,Estandar,0
33,32860.0,9,14,2,55,47.62,Basico,0
46,29760.0,10,10,1,68,82.24,Basico,0
26,16070.0,6,23,0,5,132.98,Estandar,0
48,27530.0,8,11,1,21,41.4,Estandar,0
47,15730.0,6,20,0,105,49.58,Estandar,0
19,28020.0,3,20,0,53,168.94,Estandar,0
28,21160.0,11,16,1,4,42.88,Basico,0
38,95770.0,5,14,1,25,37.49,Basico,0
38,26370.0,7,13,0,92,50.49,Estandar,1
27,13330.0,13,11,2,20,42.32,Estandar,1
46,25160.0,7,12,0,65,36.34,Basico,0
45,34880.0,5,18,1,24,23.46,Estandar,1
39,62110.0,5,10,2,4,141.96,Basico,0
32,20040.0,3,20,2,5,75.98,Estandar,1
54,12200.0,5,14,0,1,144.01,,0
61,40470.0,9,12,0,7,96.82,Premium,0
36,13490.0,7,11,0,80,,Estandar,1
34,21630.0,10,19,1,37,20.04,Estandar,1
47,23650.0,6,14,2,48,31.64,Estandar,0
37,25980.0,10,20,1,34,44.29,Premium,1
40,37970.0,11,19,0,17,30.62,Basico,1
50,19110.0,8,15,1,8,18.32,Basico,0
19,23460.0,11,20,1,93,31.99,Estandar,0
57,,7,14,0,26,48.6,Premium,0
42,28990.0,10,9,1,23,141.73,Premium,0
37,28250.0,7,17,1,199,36.46,Estandar,1
40,33460.0,8,12,0,17,80.9,Estandar,0
41,41020.0,9,9,0,69,30.38,Estandar,0
21,32740.0,5,13,1,71,47.72,Estandar,0
59,33750.0,7,13,0,9,53.48,Estandar,0
42,12200.0,13,16,1,3,142.61,Estandar,0
47,27590.0,4,11,1,133,11.0,Estandar,0
53,34190.0,9,10,1,19,33.55,Basico,1
29,38730.0,9,16,0,1,63.32,Premium,1
47,19030.0,7,15,0,24,70.16,Estandar,0
38,19350.0,9,7,0,34,26.94,Estandar,0
52,20190.0,8,15,0,53,53.35,Estandar,1
18,35180.0,6,17,1,103,55.02,Basico,0
40,45110.0,7,17,0,88,132.02,Estandar,0
34,21940.0,8,15,1,101,61.87,Basico,0
47,42360.0,12,13,0,1,50.15,Premium,0
47,28620.0,2,20,0,44,35.79,Premium,1
33,25280.0,8,12,2,9,78.62,Basico,0
33,24200.0,6,17,0,7,46.86,Estandar,1
40,39080.0,5,11,0,57,38.86,Estandar,0
31,31660.0,6,10,0,19,30.32,Premium,0
52,83940.0,8,12,1,89,45.69,Premium,0
37,17570.0,12,14,0,1,83.02,Basico,1
18,34860.0,7,13,3,58,40.13,Premium,0
37,20650.0,7,10,0,5,55.74,,0
29,17420.0,5,7,0,6,39.09,Estandar,0
22,26760.0,7,11,0,23,60.48,Estandar,0
27,28820.0,6,14,1,18,57.4,Premium,0
43,115740.0,12,15,1,23,34.05,Estandar,0
57,24540.0,11,16,0,101,89.94,Premium,0
45,15290.0,3,15,0,38,22.79,Basico,1
34,30840.0,12,15,0,12,107.89,Estandar,0
47,9530.0,2,15,2,6,66.52,Estandar,1
36,25690.0,10,18,1,19,77.69,Basico,0
33,27120.0,8,16,1,21,20.28,Estandar,0
28,40030.0,5,13,2,33,52.95,Estandar,0
20,43770.0,10,4,2,11,137.03,Estandar,0
37,,7,11,0,52,50.04,Estandar,1
43,24950.0,4,20,0,3,59.04,Estandar,0
40,18340.0,13,12,1,29,27.48,Basico,0
37,15310.0,12,6,3,35,23.02,Estandar,1
30,31410.0,8,19,1,8,62.69,Estandar,1
49,14230.0,12,15,2,62,36.35,Basico,0
26,,4,15,2,34,39.16,Estandar,0
51,16360.0,7,10,1,37,56.71,Premium,0
29,35410.0,6,12,0,24,82.42,Estandar,0
32,66220.0,12,17,0,86,74.85,Basico,1
24,14030.0,8,12,1,42,57.96,Premium,0
35,10650.0,8,20,2,17,92.97,Estandar,1
53,25270.0,9,11,1,9,102.14,Estandar,0
48,27120.0,9,19,1,2,50.45,Estandar,0
53,30010.0,3,17,1,6,148.56,Premium,0
48,21520.0,5,14,0,177,28.44,Estandar,0
28,24340.0,6,16,1,18,21.76,Basico,0
38,32330.0,8,13,0,82,125.22,Estandar,0
32,45260.0,15,13,0,6,35.87,Estandar,0
57,10120.0,4,13,0,19,10.98,Basico,0
27,22370.0,12,12,0,116,44.9,Basico,0
52,29940.0,6,20,2,3,114.11,Estandar,0
52,17000.0,10,15,0,32,45.4,Estandar,0
63,63930.0,11,16,1,90,18.82,Premium,0
37,19580.0,3,17,1,107,45.89,Basico,0
50,26350.0,10,13,1,67,48.84,Basico,1
69,35530.0,10,17,1,69,44.63,Estandar,0
34,20020.0,6,16,0,38,35.46,Basico,1
23,10690.0,2,12,0,8,36.49,Estandar,1
19,21710.0,7,20,2,47,84.49,Estandar,0
50,45010.0,4,17,2,138,38.55,Premium,0
19,22730.0,14,14,0,26,60.15,Basico,0
37,17620.0,15,17,1,10,60.02,Premium,0
47,42740.0,7,11,1,30,37.72,Basico,0
44,22800.0,11,13,1,42,34.76,Basico,1
47,20850.0,7,8,0,8,56.94,Basico,0
44,28990.0,11,10,0,45,,Premium,1
57,39550.0,9,9,0,31,180.61,Estandar,1
30,88510.0,11,16,1,34,38.72,Estandar,0
33,40690.0,8,17,2,13,43.19,Estandar,0
32,48050.0,8,11,0,6,84.94,Premium,0
51,20890.0,12,12,0,35,49.31,Basico,0
52,16110.0,3,17,0,31,42.5,Estandar,0
47,27750.0,11,12,1,14,24.47,Estandar,1
56,28380.0,13,9,1,12,58.04,Estandar,0
27,15690.0,4,6,1,15,39.33,Estandar,0
62,24650.0,7,9,0,24,190.34,Estandar,1
60,32850.0,12,21,2,132,48.27,Estandar,0
50,32220.0,8,16,0,51,14.01,Basico,1
63,34620.0,7,14,2,68,96.55,Estandar,0
22,31120.0,14,12,0,25,29.96,Basico,0
35,20880.0,8,10,4,26,58.19,Basico,0
33,20810.0,6,17,1,8,126.84,Estandar,1
50,14770.0,8,22,3,45,45.36,Basico,1
29,65670.0,9,16,0,19,48.29,Premium,0
51,27080.0,6,13,0,48,95.66,Basico,1
58,24040.0,5,15,1,18,128.42,Estandar,1
50,16910.0,10,12,1,4,50.28,Basico,1
45,116750.0,10,13,0,6,183.75,Basico,0
30,15730.0,6,9,1,60,19.24,Basico,0
31,21710.0,13,14,0,10,31.77,Basico,1
56,33120.0,5,14,1,11,41.0,Estandar,0
51,36320.0,7,15,0,95,102.91,Premium,0
41,43430.0,6,12,0,38,62.69,Estandar,1
36,66420.0,19,8,1,4,36.41,Premium,0
18,34650.0,5,16,2,5,27.78,Estandar,0
29,15870.0,11,12,0,11,22.28,Estandar,0
64,23660.0,11,12,0,32,74.42,Basico,1
26,31380.0,8,15,1,50,43.22,Estandar,0
44,75670.0,13,11,1,11,100.35,Basico,0
54,13370.0,4,17,0,73,23.1,Premium,0
26,49080.0,9,16,0,4,70.55,Basico,1
44,29440.0,12,14,0,8,53.23,Basico,0
53,40900.0,11,14,0,126,37.78,Estandar,0
42,25570.0,6,18,3,5,39.46,Estandar,0
76,17660.0,3,5,0,78,58.08,Basico,0
21,39160.0,6,14,0,43,53.58,Premium,0
54,37320.0,5,12,0,2,31.98,Estandar,0
39,43740.0,8,17,1,23,74.39,Estandar,1
51,26720.0,7,11,2,26,112.51,Premium,1
47,19930.0,4,17,2,96,47.17,Estandar,1
33,12340.0,5,17,1,19,77.4,Premium,0
44,40530.0,11,15,1,21,49.62,Premium,0
19,33250.0,16,10,0,4,231.86,Premium,0
49,16600.0,11,17,1,36,55.05,Basico,1
45,20550.0,7,15,0,8,83.17,Estandar,1
49,,17,19,0,2,109.99,Basico,0
54,12820.0,9,12,0,208,37.17,Estandar,1
46,17880.0,10,12,0,11,83.4,Estandar,1
43,15260.0,10,15,2,5,91.6,Estandar,1
31,21890.0,7,7,4,43,70.66,Estandar,1
33,18600.0,14,16,2,62,86.31,Premium,0
56,11930.0,10,16,1,2,37.01,Estandar,1
59,73960.0,7,11,2,4,198.02,Estandar,0
39,50330.0,10,12,0,3,12.95,Estandar,1
42,18220.0,8,15,0,1,,Estandar,0
31,30830.0,17,19,3,38,24.47,Premium,0
56,33150.0,8,15,1,31,153.51,Premium,1
49,48800.0,6,15,0,39,50.47,Basico,1
65,17870.0,10,15,0,25,,Estandar,1
31,46450.0,4,19,1,61,37.96,Premium,0
37,20460.0,9,16,0,28,21.87,Basico,0
44,13800.0,9,15,0,90,79.55,Premium,0
49,38640.0,11,20,0,23,84.51,Estandar,0
39,51300.0,10,16,2,56,65.51,Basico,1
31,98120.0,11,11,2,18,35.53,Estandar,0
52,14770.0,10,17,0,20,136.41,Premium,0
50,38160.0,5,13,1,68,87.28,Premium,0
31,21920.0,9,14,2,4,19.17,Estandar,1
58,39800.0,5,18,0,29,48.6,Premium,0
56,12900.0,4,17,0,46,,Estandar,1
43,14310.0,10,13,0,49,132.05,Premium,0
42,18250.0,15,21,2,32,41.72,Estandar,0
48,27990.0,1,12,1,21,23.87,Basico,0
31,,13,11,0,10,50.01,Basico,0
42,37400.0,10,11,2,86,141.72,Estandar,0
18,44960.0,6,14,0,16,91.72,Estandar,1
52,36310.0,7,18,1,57,39.93,Estandar,0
23,60440.0,7,19,2,1,49.19,,0
60,33120.0,8,17,0,9,99.18,Estandar,1
38,14640.0,11,21,1,15,126.06,Premium,0
39,,10,13,1,40,21.53,Basico,0
34,19880.0,6,10,1,13,59.87,Estandar,0
38,42410.0,7,16,0,1,44.13,Premium,1
59,59090.0,8,15,1,6,40.75,Estandar,1
18,33800.0,15,24,0,10,122.15,Estandar,0
57,12730.0,10,16,0,6,24.22,Basico,0
46,17000.0,10,13,1,8,88.5,Basico,0
27,52120.0,12,14,1,52,13.88,Basico,1
29,24720.0,8,13,1,19,35.34,Premium,0
62,28000.0,10,10,1,18,55.72,Estandar,1
30,39320.0,11,18,0,122,24.86,Estandar,1
28,38110.0,5,12,2,21,204.85,Premium,1
55,30930.0,7,13,1,94,35.5,Estandar,0
46,24240.0,13,14,0,12,33.83,Basico,1
30,23010.0,4,17,0,18,36.01,Premium,0
44,41310.0,4,15,3,18,77.49,Estandar,0
29,35480.0,7,16,0,28,94.11,Estandar,0
55,23660.0,7,13,0,31,41.97,Premium,0
54,46210.0,9,12,1,10,66.02,Estandar,1
48,25220.0,9,13,0,56,69.18,Basico,0
46,17570.0,5,14,2,24,22.99,Basico,0
63,18410.0,11,8,0,1,50.83,Basico,0
41,16490.0,11,16,0,32,37.4,Estandar,1
27,23480.0,6,14,2,57,21.46,Premium,1
47,49850.0,8,21,1,10,62.05,Estandar,0
67,17990.0,11,18,0,1,100.37,Estandar,0
29,29560.0,7,12,0,59,56.05,Basico,1
37,19370.0,7,12,0,134,11.67,Premium,0
46,23620.0,8,14,2,2,41.51,Estandar,1
41,12640.0,11,12,2,100,31.94,Premium,1
30,24090.0,3,7,2,16,158.83,Estandar,0
55,24420.0,8,14,1,102,44.55,Basico,1
69,35250.0,13,14,0,37,20.73,Estandar,0
44,30080.0,10,15,2,79,53.12,Estandar,1
31,14780.0,15,20,0,55,79.94,Estandar,0
23,46260.0,6,13,1,1,57.94,Estandar,1
45,29890.0,4,12,0,2,33.73,Basico,1
55,29710.0,6,22,0,26,41.46,Basico,0
47,26780.0,10,12,0,4,86.43,Basico,0
41,20770.0,8,12,0,22,58.01,Basico,0
34,30000.0,4,11,1,111,184.02,Estandar,1
28,34130.0,5,20,5,12,57.91,Estandar,1
52,11230.0,5,10,0,24,21.83,Estandar,1
52,20550.0,13,16,0,17,48.43,Estandar,0
23,23680.0,8,16,0,35,38.94,Basico,0
61,30580.0,4,15,2,7,21.51,Premium,0
48,48860.0,6,21,1,10,59.05,Basico,0
58,18290.0,6,17,0,70,42.48,Estandar,0
25,20970.0,10,12,2,60,59.72,Estandar,1
25,20820.0,10,20,2,56,163.7,Estandar,0
40,18020.0,7,21,1,53,50.52,Basico,1
48,22620.0,6,14,0,22,100.96,Estandar,0
63,39550.0,9,14,3,46,48.67,Estandar,0
50,15880.0,10,15,1,17,70.05,Premium,0
39,33320.0,11,15,2,3,58.67,Estandar,0
29,11490.0,8,18,1,17,64.1,Premium,1
56,20320.0,2,19,0,6,50.45,Basico,1
30,22820.0,8,8,1,17,130.35,Estandar,0
61,62160.0,1,16,1,12,79.77,Estandar,1
38,23450.0,5,11,1,32,58.52,Premium,1
61,8950.0,10,16,3,16,94.17,Premium,1
50,9900.0,10,19,1,44,58.98,Basico,0
40,27360.0,9,13,0,25,106.7,Premium,0
35,36570.0,13,17,0,90,26.9,Premium,0
37,32460.0,7,9,1,3,196.17,Premium,0
47,29250.0,7,17,0,41,60.54,Basico,1
42,48100.0,12,17,0,40,27.53,Basico,0
34,20540.0,2,17,2,108,85.58,Estandar,0
40,42090.0,9,14,1,16,118.65,Estandar,1
42,11900.0,6,19,0,13,29.52,Estandar,1
18,17110.0,10,22,0,6,41.14,Basico,0
47,10900.0,14,22,0,11,100.38,,0
30,23450.0,12,18,1,25,76.61,Premium,0
28,26290.0,5,12,2,65,41.93,Premium,0
21,28480.0,9,23,0,12,47.02,Premium,0
20,27750.0,5,17,1,6,25.78,Estandar,0
25,16920.0,7,20,0,11,30.18,Basico,0
33,24460.0,14,16,0,3,20.01,Estandar,0
65,12720.0,10,18,2,94,44.3,Premium,0
35,53190.0,12,9,0,74,81.99,Premium,1
44,23110.0,8,13,0,13,46.53,Basico,1
46,21070.0,9,13,0,10,106.69,Estandar,1
43,59540.0,5,15,1,84,37.06,Basico,0
41,14460.0,7,10,0,1,22.32,Estandar,1
27,,11,7,0,33,109.17,Estandar,0
59,15550.0,8,16,0,89,68.06,Estandar,0
63,26010.0,8,18,0,25,114.03,Premium,0
21,33380.0,6,21,1,1,44.61,Estandar,1
29,38940.0,9,18,0,8,141.78,Basico,1
38,97340.0,9,21,0,92,28.62,Estandar,0
30,8740.0,8,17,2,1,45.95,Estandar,0
48,36470.0,8,18,0,18,69.73,Premium,0
33,20360.0,5,13,0,56,41.2,Basico,0
67,,14,19,2,65,62.59,Basico,0
56,19730.0,10,23,1,23,115.43,Estandar,1
44,17080.0,6,14,0,9,68.44,Basico,1
54,62460.0,7,13,1,32,49.06,Estandar,1
55,40990.0,11,11,1,11,113.95,Estandar,0
35,,9,13,0,10,74.25,Basico,1
32,52870.0,4,20,0,59,54.34,Basico,0
42,12630.0,9,12,0,6,,Estandar,0
52,13830.0,8,15,1,1,43.79,Premium,1
43,9050.0,10,17,2,14,90.55,Estandar,1
23,18960.0,9,13,0,24,92.61,Basico,0
32,29170.0,8,12,2,43,116.65,Estandar,1
41,28320.0,8,14,0,54,,Estandar,0
41,28990.0,13,11,1,39,39.39,Estandar,1
65,13290.0,7,17,1,35,66.58,Estandar,0
25,40200.0,9,15,1,39,38.96,Estandar,0
48,30330.0,9,8,2,11,60.17,Basico,0
59,38810.0,5,15,1,17,127.22,Estandar,0
69,10440.0,7,9,0,34,110.91,Premium,0
37,,12,13,1,2,93.99,Premium,0
47,14860.0,8,9,0,12,53.86,Basico,1
48,22060.0,8,12,1,18,93.46,Estandar,0
44,35140.0,9,13,1,27,37.17,Estandar,1
40,28160.0,6,17,0,23,22.71,Basico,1
47,17570.0,7,13,0,45,64.27,Basico,1
18,26990.0,4,11,1,23,43.59,Basico,0
50,12510.0,8,12,1,84,159.26,Basico,0
43,47820.0,11,17,0,17,145.39,Estandar,0
39,24280.0,9,14,1,26,36.11,,0
66,47060.0,6,13,0,1,82.83,Estandar,0
33,20680.0,10,10,1,13,16.7,Basico,0
37,20710.0,6,11,1,72,66.93,Basico,0
65,18360.0,8,19,1,14,65.91,Basico,0
32,41690.0,9,21,1,10,30.09,Estandar,0
35,18870.0,6,15,2,28,60.28,Premium,1
40,37130.0,10,9,1,2,31.28,Estandar,1
52,22220.0,6,12,1,27,91.03,Basico,1
44,10020.0,6,16,0,13,61.05,Basico,0
26,20230.0,8,16,2,17,133.71,Premium,1
35,14920.0,6,18,0,56,21.79,Premium,1
34,27360.0,8,19,1,39,32.43,Premium,1
41,14840.0,7,11,1,21,40.81,Basico,1
47,42740.0,6,12,1,31,73.28,Basico,0
47,25710.0,4,12,0,52,64.24,Estandar,0
20,24620.0,11,17,1,49,70.46,Estandar,1
54,37340.0,8,17,1,7,36.98,Basico,1
45,43560.0,3,18,0,12,17.43,Basico,0
58,26630.0,10,16,1,15,34.61,Estandar,0
47,18300.0,5,15,0,7,127.09,Estandar,0
55,11080.0,8,18,2,1,37.63,Estandar,1
47,19090.0,9,14,0,6,60.72,Estandar,1
58,19760.0,4,14,1,59,56.63,Estandar,0
48,28380.0,10,22,0,28,60.96,Estandar,0
40,22640.0,13,11,0,15,24.5,Basico,0
69,37950.0,8,19,1,33,89.19,Estandar,1
52,19800.0,11,21,0,48,51.44,Basico,1
48,26150.0,9,10,4,15,218.37,Premium,0
26,48630.0,15,22,0,22,43.65,Estandar,0
26,31920.0,5,7,0,2,98.13,Premium,0
45,26110.0,9,13,0,32,43.26,Estandar,0
43,19910.0,11,18,2,15,172.7,Basico,1
34,19600.0,9,11,1,20,84.64,Basico,1
43,17580.0,8,7,0,19,25.25,Premium,0
61,20530.0,7,16,1,36,127.01,Estandar,1
50,39250.0,5,12,2,30,86.93,Basico,0
28,,8,9,0,19,41.25,Estandar,0
40,13700.0,8,14,1,1,20.74,,0
32,65130.0,8,13,0,34,112.03,Basico,1
37,31570.0,5,10,0,76,153.94,Estandar,1
37,13310.0,8,12,0,52,106.86,Premium,0
36,21570.0,9,11,1,143,92.0,Estandar,0
26,28440.0,12,10,1,5,76.29,Basico,0
40,63090.0,6,16,0,9,103.07,Estandar,0
35,,8,15,1,27,46.66,Premium,0
18,43830.0,5,15,0,9,18.38,Basico,1
66,54160.0,7,10,0,1,,Premium,0
55,19650.0,14,18,2,18,69.1,Basico,1
37,23420.0,6,14,1,12,23.52,Estandar,1
42,16020.0,16,17,1,11,14.65,Basico,0
27,24300.0,12,25,1,110,57.33,Estandar,1
62,26420.0,5,16,0,9,49.74,Estandar,0
64,37410.0,4,19,0,4,,Premium,0
43,46400.0,5,17,2,4,77.3,Estandar,0
54,18510.0,5,14,1,59,34.91,Basico,1
44,10060.0,6,23,1,45,82.46,Basico,0
25,26620.0,10,13,0,4,82.82,Estandar,0
37,31160.0,12,17,0,8,11.06,Estandar,0
43,,5,24,0,49,52.39,Basico,1
36,22850.0,9,14,2,11,61.56,Basico,1
39,28630.0,9,18,0,143,85.53,Estandar,0
40,57400.0,13,11,1,27,75.9,Estandar,1
41,32560.0,7,13,1,7,19.1,Estandar,1
42,22320.0,7,16,2,70,57.82,Estandar,0
29,20950.0,7,27,0,13,46.73,Premium,0
33,24710.0,6,5,0,12,104.05,Estandar,0
26,60980.0,12,15,0,14,26.6,Estandar,0
53,24550.0,8,15,0,52,54.51,Basico,0
18,26640.0,7,13,2,6,92.09,Premium,0
55,21140.0,11,19,2,17,86.16,Estandar,1
58,46610.0,14,16,1,1,49.77,Estandar,0
38,71680.0,5,16,2,63,110.81,Estandar,0
18,33700.0,6,17,0,14,35.21,Premium,0
37,28040.0,5,19,1,10,84.72,Estandar,0
41,27400.0,7,10,0,31,93.59,Estandar,0
29,8170.0,7,9,3,43,24.03,Estandar,1
35,39050.0,7,13,0,60,119.31,Estandar,0
60,28770.0,9,15,4,15,20.3,Estandar,1
49,33330.0,7,16,1,60,68.32,Basico,0
30,18850.0,12,14,1,22,41.21,Estandar,0
22,22200.0,7,18,0,3,100.22,Basico,1
38,21910.0,14,15,1,67,66.54,Estandar,1
39,,5,18,1,28,159.9,Premium,0
47,22260.0,5,21,1,33,107.99,Premium,1
35,76220.0,7,18,0,99,59.09,Estandar,0
48,33370.0,8,12,1,29,112.51,Basico,0
65,14220.0,6,18,4,1,51.32,Basico,1
51,25230.0,9,20,0,73,28.4,Basico,0
41,19420.0,8,13,0,12,41.49,Estandar,0
39,8980.0,5,9,1,25,50.96,Estandar,0
37,59860.0,8,18,1,8,8.46,Premium,1
56,38240.0,7,15,0,12,125.24,Estandar,0
34,35120.0,16,6,1,41,51.51,Estandar,0
42,29220.0,8,17,1,20,97.36,Premium,0
42,13480.0,7,16,1,35,60.12,Estandar,1
35,21120.0,6,11,1,62,21.65,Estandar,1
25,40980.0,12,9,0,15,57.26,Basico,1
45,15910.0,3,13,1,30,50.81,Basico,1
41,7590.0,5,18,0,54,36.18,Basico,1
48,24020.0,6,18,0,45,43.2,Estandar,1
35,25060.0,11,19,2,27,55.47,Estandar,0
56,28790.0,6,10,1,17,12.52,Estandar,0
31,38730.0,6,23,0,18,67.76,Basico,0
62,37000.0,5,22,0,20,78.45,Premium,1
21,30620.0,6,22,1,15,73.74,Estandar,1
47,48910.0,9,13,1,43,46.11,Basico,1
47,12590.0,5,18,2,4,177.41,Estandar,0
32,34620.0,8,18,1,123,74.19,Estandar,0
47,36800.0,9,15,0,54,42.49,Estandar,0
57,14480.0,6,12,0,12,25.96,Premium,0
18,12690.0,8,19,1,1,24.07,Estandar,0
48,18530.0,9,15,0,44,69.4,Estandar,0
18,19330.0,9,12,1,47,84.19,Premium,1
30,39210.0,4,24,0,119,58.82,Premium,0
61,,8,19,1,10,52.78,Basico,1
35,17530.0,9,15,0,3,44.55,Estandar,1
27,19810.0,9,14,1,88,73.37,Estandar,0
39,47070.0,4,11,0,10,34.27,Estandar,0
66,27080.0,7,16,0,46,53.96,Basico,1
20,24600.0,8,9,1,2,57.72,Estandar,1
29,25460.0,10,11,0,51,77.17,Estandar,0
59,51330.0,6,16,0,4,33.42,Basico,0
64,18500.0,6,7,0,42,29.89,Basico,1
40,51940.0,7,18,1,27,56.25,Premium,0
27,29890.0,8,13,1,112,61.82,Basico,0
67,24830.0,9,16,0,1,54.43,Estandar,1
61,93940.0,15,17,0,12,10.72,Estandar,0
50,15870.0,8,15,0,2,66.66,Premium,0
32,22540.0,5,21,0,76,254.95,Premium,1
41,14530.0,6,21,1,32,94.72,Basico,1
40,43310.0,12,20,0,27,16.88,Estandar,1
45,62600.0,10,11,2,5,42.81,Estandar,0
59,62000.0,4,19,1,24,48.56,Basico,0
52,49610.0,5,14,0,18,45.04,Basico,0
29,24370.0,14,15,2,13,25.96,Premium,0
58,22410.0,5,9,1,53,31.95,Estandar,1
45,11670.0,15,12,0,2,95.61,Premium,1
50,74450.0,7,18,1,37,85.48,Basico,1
59,34010.0,8,18,1,62,51.06,Estandar,0
28,21040.0,5,15,1,85,96.43,Basico,1
41,52260.0,6,20,1,49,36.81,Premium,0
35,,13,18,0,11,44.45,Premium,0
23,32970.0,10,19,0,33,43.87,Estandar,0
